instance_id,dialogue_id,turn_id,system_context,user_utterance,annotator_id,annotation_pass,source_annotator_id,label,notes,workbook
mw22_MUL0125.json_16,MUL0125.json,16,"I'd be happy to help you book a taxi, what hotel is your destination?",Whatever hotel you booked me at. The reference number is: GXQZCBL8,adesanym,initial,,CONFIRM_ACCEPT,Ambiguous mixed intent; selected CONFIRM_ACCEPT via tie break order. Also considered: REQUEST.,adesanym_annotation.xlsx
mw22_SNG01619.json_4,SNG01619.json,4,How about train TR8373 that leaves at 21:39?,its ok. book for 8 people and help me get the reference number please,adesanym,initial,,CONFIRM_ACCEPT,Ambiguous mixed intent; selected CONFIRM_ACCEPT via tie break order. Also considered: INFORM_CONSTRAINT.,adesanym_annotation.xlsx
mw22_MUL1119.json_4,MUL1119.json,4,The Archway house matches all of your preferences. Would you like me to create a booking?,"Yes, that would be great. I would like my check-in to be on Saturday. I will be staying for 2 nights and there will be a total of 5 people.",adesanym,initial,,CONFIRM_ACCEPT,Ambiguous mixed intent; selected CONFIRM_ACCEPT via tie break order. Also considered: INFORM_CONSTRAINT.,adesanym_annotation.xlsx
mw22_SNG1229.json_2,SNG1229.json,2,It is listed in the cheap price range.,Thank you. That's all I needed.,adesanym,initial,,SOCIAL,,adesanym_annotation.xlsx
mw22_PMUL3163.json_8,PMUL3163.json,8,I've booked a table for seven at yu garden. Your reservation is at 15:00 on Wednesday. Your reference number is 799F0AEG . Can I help you with anything else?,"Yes, I'll also need a taxi that will take me between the two places. I'll need to arrive at the restaurant by 15:00.",adesanym,initial,,CONFIRM_ACCEPT,Ambiguous mixed intent; selected CONFIRM_ACCEPT via tie break order. Also considered: INFORM_CONSTRAINT.,adesanym_annotation.xlsx
mw22_WOZ20122.json_2,WOZ20122.json,2,There are several British restaurants. Do you have a price range in mind?,I have no preference. can i please have the address and phone number of one of them ?,adesanym,initial,,REQUEST,,adesanym_annotation.xlsx
mw22_MUL2027.json_6,MUL2027.json,6,The ticket costs 10.10 pounds and the ride takes 38 minutes. Do you want me to book the train for you?,What time does the train arrive in Bishops Stortford? I also am looking for a place to stay that is 3 stars and in the moderate range.,adesanym,initial,,CONFIRM_ACCEPT,"Ambiguous mixed intent; selected CONFIRM_ACCEPT via tie break order. Also considered: REQUEST, INFORM_CONSTRAINT.",adesanym_annotation.xlsx
mw22_PMUL2460.json_6,PMUL2460.json,6,I have cotto that serves moderate priced food. Would you like to book a table?,Yes please make a booking for 8 people at 12:30 on friday.,adesanym,initial,,CONFIRM_ACCEPT,Ambiguous mixed intent; selected CONFIRM_ACCEPT via tie break order. Also considered: INFORM_CONSTRAINT.,adesanym_annotation.xlsx
mw22_PMUL4324.json_10,PMUL4324.json,10,bridge guest house has a 3 star rating and is at 151 hills road,"Is Bridge Guest House in the south? If so, I will also need a taxi to take me from the restaurant to the guesthouse.",adesanym,initial,,REQUEST,,adesanym_annotation.xlsx
mw22_PMUL3239.json_6,PMUL3239.json,6,"We have many trains departing Cambridge, where is your destination?",I would like to go to London Liverpool Street. Could you check the price for me?,adesanym,initial,,REQUEST,,adesanym_annotation.xlsx
mw22_PMUL0966.json_2,PMUL0966.json,2,There are 70 trains traveling to Ely from Cambridge between Friday and Wednesday. What day do you want to travel?,I would like to leave on Saturday.,adesanym,initial,,INFORM_CONSTRAINT,,adesanym_annotation.xlsx
mw22_WOZ20245.json_2,WOZ20245.json,2,"unfortunately, no Caribbean restaurants can be found in the south of town. can i help you with something else?",Is there an italian restaurant in the south part of town?,adesanym,initial,,REQUEST,,adesanym_annotation.xlsx
mw22_PMUL0527.json_4,PMUL0527.json,4,There are 10 results. What time would you like to leave or arrive by?,I would like to leave after 12:30 please.,adesanym,initial,,REQUEST,Ambiguous mixed intent; selected REQUEST via tie break order. Also considered: INFORM_CONSTRAINT.,adesanym_annotation.xlsx
mw22_SNG0271.json_2,SNG0271.json,2,Where are you looking to depart from?,I'm leaving from Peterborough.,adesanym,initial,,CORRECT_CLARIFY,Ambiguous mixed intent; selected CORRECT_CLARIFY via tie break order. Also considered: CONFIRM_ACCEPT.,adesanym_annotation.xlsx
mw22_MUL0548.json_6,MUL0548.json,6,The postal code is cb13ef. Would you like for me to get you tickets?,No that's all I needed with that. i also need a train leaving after 12:15 heading to kings lynn.,adesanym,initial,,INFORM_CONSTRAINT,,adesanym_annotation.xlsx
mw22_SNG0889.json_4,SNG0889.json,4,"I'm sorry, but there are no hotels in the west part of town that have 4 stars and are moderately priced. Can I look for something different for you?","Yes, how about moderately priced places to stay with 4 stars in the North? I also need free parking.",adesanym,initial,,REQUEST,Ambiguous mixed intent; selected REQUEST via tie break order. Also considered: CONFIRM_ACCEPT.,adesanym_annotation.xlsx
mw22_PMUL1746.json_6,PMUL1746.json,6,"Acorn guest house , the phone number is 01223353888.","Thanks, I also need to train form broxbourne to cambridge on sunday.",adesanym,initial,,INFORM_CONSTRAINT,Ambiguous mixed intent; selected INFORM_CONSTRAINT via tie break order. Also considered: SOCIAL.,adesanym_annotation.xlsx
mw22_PMUL2719.json_8,PMUL2719.json,8,"Booking was successful, your reference number is : LD7UDV9Z . Do you need any further assistance today?","Yes, one more thing. We need a taxi that will take us from Clare Hall to our guesthouse.",adesanym,initial,,CONFIRM_ACCEPT,Ambiguous mixed intent; selected CONFIRM_ACCEPT via tie break order. Also considered: SOCIAL.,adesanym_annotation.xlsx
mw22_MUL0121.json_6,MUL0121.json,6,There are a few cheap restaurants in the center of the city. Would you like Asian Oriental or Chinese food?,I would like Chinese food.,adesanym,initial,,SOCIAL,,adesanym_annotation.xlsx
mw22_PMUL4570.json_2,PMUL4570.json,2,The earliest train on Saturday leaves at 5:21. When would you like to depart?,"Much later, I can't leave any earlier than 16:15.",adesanym,initial,,INFORM_CONSTRAINT,,adesanym_annotation.xlsx
mw22_PMUL3983.json_2,PMUL3983.json,2,We have a lot of those! Anything specific you need or just a recommendation?,"Nothing specific. Can you make a recommendation and give me their address, postcode, and entrance fee?",adesanym,initial,,REQUEST,,adesanym_annotation.xlsx
mw22_PMUL1899.json_12,PMUL1899.json,12,Rosa's Bed and breakfast is a 4 star guesthouse in the South part of town in the cheap price range including free Internet and parking.,Thank you. What is the postcode?,adesanym,initial,,REQUEST,,adesanym_annotation.xlsx
mw22_PMUL4718.json_12,PMUL4718.json,12,Would you like me to book you a room?,yes for 2 nights starting thursday,adesanym,initial,,CONFIRM_ACCEPT,Ambiguous mixed intent; selected CONFIRM_ACCEPT via tie break order. Also considered: INFORM_CONSTRAINT.,adesanym_annotation.xlsx
mw22_MUL1400.json_18,MUL1400.json,18,Your welcome. Is there anything else I can do for you today?,"Thats all thank you for your help,goodbye",adesanym,initial,,SOCIAL,,adesanym_annotation.xlsx
mw22_PMUL2831.json_12,PMUL2831.json,12,The phone I have listed is 01223332360. Can I hlep with anything else today?,"Um, how about the address too please?",adesanym,initial,,REQUEST,,adesanym_annotation.xlsx
mw22_PMUL3515.json_6,PMUL3515.json,6,"Booking was successful, the total fee is 102.4 GBP payable at the station . Reference number is : AIM1QZ4C .",Thank you! I also am looking for a place to eat at in the west area. I would prefer a nice expensive one.,adesanym,initial,,CONFIRM_ACCEPT,"Ambiguous mixed intent; selected CONFIRM_ACCEPT via tie break order. Also considered: INFORM_CONSTRAINT, SOCIAL.",adesanym_annotation.xlsx
mw22_PMUL4483.json_24,PMUL4483.json,24,"I was able to book your taxi. Be expecting a red Volkswagen. If you need to reach them, please call 07766667494.",thanks you very much,adesanym,initial,,SOCIAL,,adesanym_annotation.xlsx
mw22_MUL2252.json_14,MUL2252.json,14,"Okay, how long would you like to stay?",I'd like to check in on Friday for 4 nights. Book it for 5 people.,adesanym,initial,,CONFIRM_ACCEPT,Ambiguous mixed intent; selected CONFIRM_ACCEPT via tie break order. Also considered: INFORM_CONSTRAINT.,adesanym_annotation.xlsx
mw22_SNG01581.json_8,SNG01581.json,8,I need a taxi to take me from Don Pasquale pizzeria to Cambridge museum of technology at 03:45.,I'm sorry my taxi has already been booked. Thank you for your help.,adesanym,initial,,CONFIRM_ACCEPT,"Ambiguous mixed intent; selected CONFIRM_ACCEPT via tie break order. Also considered: REQUEST, SOCIAL.",adesanym_annotation.xlsx
mw22_PMUL3862.json_20,PMUL3862.json,20,Thank you for using our service!,Thank you for the help!,adesanym,initial,,SOCIAL,,adesanym_annotation.xlsx
mw22_MUL2507.json_2,MUL2507.json,2,"I sure can. They are a museum located in the eat. They offer free admission. They are located at Fulbourn, postcode cb15dh. Their phone number is 01223295264. Is there anything else?",can you tell me how much the entrance fee is?,adesanym,initial,,REQUEST,,adesanym_annotation.xlsx
mw22_SNG01776.json_10,SNG01776.json,10,"Booking was successful for Thursday at 1200hrs , table for 7 at Grafton Hotel restaurant. Your Reference number is KQKTCX5Y . Is there anything else I can help you with?","Nope, that should be everything. Thank you so much for all of your help.",adesanym,initial,,SOCIAL,,adesanym_annotation.xlsx
mw22_PMUL2692.json_2,PMUL2692.json,2,"Okay, I found some options to fit your needs on the North side of town and on the east side. Do you have a preference for which area?","No, I'm going to have my car with me so I can get to any part of town. But now that I think of it, I'd like to have free parking.",adesanym,initial,,INFORM_CONSTRAINT,Ambiguous mixed intent; selected INFORM_CONSTRAINT via tie break order. Also considered: SOCIAL.,adesanym_annotation.xlsx
mw22_PMUL0714.json_10,PMUL0714.json,10,"Sure, the address is Cambridge City Football Club Milton Road Chesterton cb41uy. And just to confirm, you wanted to book 1 ticket for that train?",What about the phone number?,adesanym,initial,,REQUEST,,adesanym_annotation.xlsx
mw22_PMUL2817.json_6,PMUL2817.json,6,The phone number is 01223307402.,Thanks so much. I am also wanting to see if you can help me find a cheap room to stay in.,adesanym,initial,,REQUEST,Ambiguous mixed intent; selected REQUEST via tie break order. Also considered: SOCIAL.,adesanym_annotation.xlsx
mw22_MUL0912.json_8,MUL0912.json,8,The entrance fee isn't shown. The phone number for Nusha is 01223902158. Is there anything else I can do for you?,"Yes, can you please find me a good Indian restaurant in the same area as the attraction? Money is no object.",adesanym,initial,,REQUEST,,adesanym_annotation.xlsx
mw22_PMUL1311.json_4,PMUL1311.json,4,"There are several Churches, Architecture attractions. Would you like one of them?",Pick one of the best churches for me and let me know the entrance fee please.,adesanym,initial,,REQUEST,,adesanym_annotation.xlsx
mw22_PMUL3114.json_14,PMUL3114.json,14,Sure! What will be you departing and arriving destinations?,From the cambridge belfry to chiquito restaurant bar. We won't be fit to drive!,adesanym,initial,,REQUEST,,adesanym_annotation.xlsx
mw22_PMUL3383.json_12,PMUL3383.json,12,Alright you are booked and good to go! Here is your reference number V84DYHI3 . Is their anything else I can help you with?,Thank you that will be all I need today?,adesanym,initial,,SOCIAL,,adesanym_annotation.xlsx
mw22_PMUL1826.json_18,PMUL1826.json,18,their phone number is 01223353888. would you like me to book it for you?,"No, thank you. I'd just like to have the information for now.",adesanym,initial,,SOCIAL,,adesanym_annotation.xlsx
mw22_MUL1664.json_10,MUL1664.json,10,"Ok, I have successfully booked a seat on TR6332. The cost will be 16.6 GBP and your reference number is QQ53PXEI .","I'm sorry, I said I needed a seat for me, but I actually need 7 seats total. My friends would not be happy if I stranded them.",adesanym,initial,,CORRECT_CLARIFY,,adesanym_annotation.xlsx
mw22_PMUL3908.json_10,PMUL3908.json,10,Where will you be departing from?,I will be departing from London Kings Cross.,adesanym,initial,,CORRECT_CLARIFY,Ambiguous mixed intent; selected CORRECT_CLARIFY via tie break order. Also considered: CONFIRM_ACCEPT.,adesanym_annotation.xlsx
mw22_PMUL3008.json_14,PMUL3008.json,14,TR0315 arrives at 13:51. is that fine with you?,what is its departure time?,adesanym,initial,,REQUEST,,adesanym_annotation.xlsx
mw22_PMUL1342.json_18,PMUL1342.json,18,"I don't have any information about their entrance fees, but you can call them at 01223576412 for more information.",That will be all for today. Thanks. Goodbye,adesanym,initial,,SOCIAL,,adesanym_annotation.xlsx
mw22_SSNG0314.json_4,SSNG0314.json,4,"The Warkworth house is a guesthouse, not a hotel. Is that okay?",Yeah that's okay. Please book it for 2 people and 3 nights starting Sunday.,adesanym,initial,,CONFIRM_ACCEPT,Ambiguous mixed intent; selected CONFIRM_ACCEPT via tie break order. Also considered: INFORM_CONSTRAINT.,adesanym_annotation.xlsx
mw22_PMUL4108.json_8,PMUL4108.json,8,The address is 64 Cherry Hinton Road Cherry Hinton.,"Thanks, I'm all set now. Take care!",adesanym,initial,,SOCIAL,,adesanym_annotation.xlsx
mw22_SNG0880.json_2,SNG0880.json,2,I can help. We have 18 moderately priced hotels. Do you have any additional preferences?,I prefer the south part of town if you have anything.,adesanym,initial,,SOCIAL,,adesanym_annotation.xlsx
mw22_MUL0557.json_6,MUL0557.json,6,There are 21 trains heading to stevenage what town will you be departing from?,I will be departing from 3 towns over.,adesanym,initial,,CORRECT_CLARIFY,Ambiguous mixed intent; selected CORRECT_CLARIFY via tie break order. Also considered: INFORM_CONSTRAINT.,adesanym_annotation.xlsx
mw22_SSNG0339.json_6,SSNG0339.json,6,I apologize the booking was unsuccessful. Would you be interested in another hotel?,Can you check for a different hotel in the same pricerange?,adesanym,initial,,REQUEST,,adesanym_annotation.xlsx
mw22_MUL1342.json_14,MUL1342.json,14,I have 2 hotels in the moderate price range and one in the expensive price range. Which would you like information on?,"I'll go with the expensive one. Can you book me a room for 8 people, 2 nights on Sunday please?",adesanym,initial,,REQUEST,,adesanym_annotation.xlsx
mw22_MUL0052.json_14,MUL0052.json,14,Certainly! The address for the Charlie Chan is Regent Street City Centre. Would you like me to book a reservation?,"No, thank you. That's all I needed today.",adesanym,initial,,SOCIAL,,adesanym_annotation.xlsx
mw22_MUL0204.json_2,MUL0204.json,2,"Hi there, let's start with the train arrival, where would you be travelling from?",I am looking for a train that will depart from Norwich on Sunday,adesanym,initial,,CONFIRM_ACCEPT,Ambiguous mixed intent; selected CONFIRM_ACCEPT via tie break order. Also considered: INFORM_CONSTRAINT.,adesanym_annotation.xlsx
mw22_PMUL0721.json_6,PMUL0721.json,6,I have 5 would you like m to recommend one?,"Yes, that would be great!",adesanym,initial,,CONFIRM_ACCEPT,,adesanym_annotation.xlsx
mw22_MUL2344.json_12,MUL2344.json,12,Is there anything else I can be of help with today?,No that is all. Goodbye,adesanym,initial,,SOCIAL,,adesanym_annotation.xlsx
mw22_SNG0583.json_2,SNG0583.json,2,"Would you like to eat Asian Oriental, Chinese, European, or French?",I think Chinese may have caught my attention.,adesanym,initial,,SOCIAL,,adesanym_annotation.xlsx
mw22_MUL1099.json_8,MUL1099.json,8,I'm happy to help. Where in the city would you like your hotel to be located?,I'd like a room in the north please,adesanym,initial,,REQUEST,,adesanym_annotation.xlsx
mw22_WOZ20463.json_4,WOZ20463.json,4,"I am sorry, there is no such restaurant match your request. Would you prefer another area or another type of food?",How about Chinese food on the east part of town?,adesanym,initial,,REQUEST,Ambiguous mixed intent; selected REQUEST via tie break order. Also considered: SOCIAL.,adesanym_annotation.xlsx
mw22_PMUL1937.json_14,PMUL1937.json,14,Do you need anything else?,"I'm good, that's all I needed, Thanks!",adesanym,initial,,SOCIAL,,adesanym_annotation.xlsx
mw22_SSNG0074.json_4,SSNG0074.json,4,I have found a few British restaurants in your price range. Do you want a specific part of town?,"No, could you recommend me a place? I'm looking for to book a table for 2 on Thursday at 11:30.",adesanym,initial,,REQUEST,,adesanym_annotation.xlsx
mw22_SNG0610.json_6,SNG0610.json,6,Yes indeed. I can make a reservation if you'd like.,What is their address?,adesanym,initial,,REQUEST,,adesanym_annotation.xlsx
mw22_MUL2564.json_4,MUL2564.json,4,"Yes, there is 1 museum in that location. It is called Byard Art Museum. Would you like more information?",Sure. What is the entrance fee and phone number?,adesanym,initial,,REQUEST,Ambiguous mixed intent; selected REQUEST via tie break order. Also considered: CONFIRM_ACCEPT.,adesanym_annotation.xlsx
mw22_PMUL1725.json_4,PMUL1725.json,4,"No, they are both hotel types.",I really need a guesthouse can you find one for me please?,adesanym,initial,,REQUEST,,adesanym_annotation.xlsx
mw22_PMUL3861.json_10,PMUL3861.json,10,"We have 9 choices in the centre, any preference on price range?",Yes please; I'd greatly prefer the moderate price range as I'm on a bit of a budget.,adesanym,initial,,CONFIRM_ACCEPT,Ambiguous mixed intent; selected CONFIRM_ACCEPT via tie break order. Also considered: REQUEST.,adesanym_annotation.xlsx
mw22_PMUL1928.json_8,PMUL1928.json,8,Reference number is : Z9RFJQ4W . Anything else you need?,Yes I am looking for a Train that departs from Cambridge and arrives at Birmingham New Street.,adesanym,initial,,CONFIRM_ACCEPT,Ambiguous mixed intent; selected CONFIRM_ACCEPT via tie break order. Also considered: INFORM_CONSTRAINT.,adesanym_annotation.xlsx
mw22_MUL2418.json_2,MUL2418.json,2,I'd be happy to help you with all things Cambridge. What can I help you find today?,"I'd like to find a restaurant called Cotto, please.",adesanym,initial,,REQUEST,,adesanym_annotation.xlsx
mw22_WOZ20046.json_6,WOZ20046.json,6,There is a Korean restaurant in the expensive price range in the centre area of town. Would you like their information?,"Yes, I would like their address please.",adesanym,initial,,CONFIRM_ACCEPT,Ambiguous mixed intent; selected CONFIRM_ACCEPT via tie break order. Also considered: REQUEST.,adesanym_annotation.xlsx
mw22_PMUL2765.json_4,PMUL2765.json,4,"Yes, the Autumn House has free parking! Would you like to make a reservation?","Yes, can you please and send me the reference number?",adesanym,initial,,REQUEST,Ambiguous mixed intent; selected REQUEST via tie break order. Also considered: CONFIRM_ACCEPT.,adesanym_annotation.xlsx
mw22_PMUL3984.json_14,PMUL3984.json,14,I have booked you a grey toyota taxi. The phone number to reach them is 07598086239.,"Great, thanks so much!",adesanym,initial,,SOCIAL,,adesanym_annotation.xlsx
mw22_PMUL2890.json_18,PMUL2890.json,18,The phone number is 01223420060.,I also need a taxi between the two places.,adesanym,initial,,CORRECT_CLARIFY,Ambiguous mixed intent; selected CORRECT_CLARIFY via tie break order. Also considered: CONFIRM_ACCEPT.,adesanym_annotation.xlsx
mw22_MUL2394.json_14,MUL2394.json,14,"Okay, what time would you like to depart or arrive?",I would like the taxi arrives at the restaurant by 13:30. Also could you provide me with the phone number for Castle Galleries?,adesanym,initial,,REQUEST,Ambiguous mixed intent; selected REQUEST via tie break order. Also considered: INFORM_CONSTRAINT.,adesanym_annotation.xlsx
mw22_PMUL4668.json_8,PMUL4668.json,8,In what area would you like the museum to be?,"In the west please, I am open to suggestions just let me know what the postcode, entrance fee a number are.",adesanym,initial,,REQUEST,Ambiguous mixed intent; selected REQUEST via tie break order. Also considered: INFORM_CONSTRAINT.,adesanym_annotation.xlsx
mw22_MUL0601.json_10,MUL0601.json,10,All booked! Your reference number is 4EMWSAP1 .,"Alright, that's everything! Thank you very much.",adesanym,initial,,SOCIAL,,adesanym_annotation.xlsx
mw22_PMUL0596.json_6,PMUL0596.json,6,Are you sure there is nothing else I can help you with today?,"actually, i want chinese food.",adesanym,initial,,CORRECT_CLARIFY,Ambiguous mixed intent; selected CORRECT_CLARIFY via tie break order. Also considered: SOCIAL.,adesanym_annotation.xlsx
mw22_PMUL4080.json_10,PMUL4080.json,10,"Your stay at the University Arms Hotel has been booked for 3 nights starting Sunday, for 2 people. Your confirmation code is FU4Z3J7P .","Thank you, that will be all.",adesanym,initial,,SOCIAL,,adesanym_annotation.xlsx
mw22_PMUL2084.json_14,PMUL2084.json,14,what time would you like?,I need to be at the restaurant at 11:30.,adesanym,initial,,CORRECT_CLARIFY,Ambiguous mixed intent; selected CORRECT_CLARIFY via tie break order. Also considered: INFORM_CONSTRAINT.,adesanym_annotation.xlsx
mw22_PMUL3117.json_6,PMUL3117.json,6,My records show that train TR5695 leaves cambridge 05:21 and arrives at stevenage at 06:10. Does this work for you?,What is the price on that train?,adesanym,initial,,REQUEST,,adesanym_annotation.xlsx
mw22_PMUL3054.json_8,PMUL3054.json,8,Okay how about the TR4078 it arrives by 15:07.,Perfect. I will need tickets for 6 people. Please provide the reference number.,adesanym,initial,,REQUEST,Ambiguous mixed intent; selected REQUEST via tie break order. Also considered: INFORM_CONSTRAINT.,adesanym_annotation.xlsx
mw22_PMUL2527.json_2,PMUL2527.json,2,"Sure, do you want to be in a certain area?","I don't have a preference. I do need the area, address and postcode.",adesanym,initial,,CORRECT_CLARIFY,Ambiguous mixed intent; selected CORRECT_CLARIFY via tie break order. Also considered: CONFIRM_ACCEPT.,adesanym_annotation.xlsx
mw22_MUL1284.json_4,MUL1284.json,4,"I found cheap guesthouses, is guesthouse what you are looking for?","I'd prefer a hotel, rather than a guesthouse.",adesanym,initial,,CORRECT_CLARIFY,,adesanym_annotation.xlsx
mw22_PMUL1833.json_16,PMUL1833.json,16,I have train TR0256 leaving at 5:16 and arriving at 6:35.,That will be great. Can you book me 8 tickets please?,adesanym,initial,,REQUEST,,adesanym_annotation.xlsx
mw22_PMUL0719.json_12,PMUL0719.json,12,The Ugly Duckling is located at 12 St. Johns Street City Centre and their postcode is cb21tw. Can I assist you with anything further?,"Thank you. I also want a train for friday, from broxbourne to cambridge",adesanym,initial,,INFORM_CONSTRAINT,Ambiguous mixed intent; selected INFORM_CONSTRAINT via tie break order. Also considered: SOCIAL.,adesanym_annotation.xlsx
mw22_PMUL1950.json_8,PMUL1950.json,8,I also need to know how many people will be staying?,I will have a party of 4 people.,adesanym,initial,,CORRECT_CLARIFY,Ambiguous mixed intent; selected CORRECT_CLARIFY via tie break order. Also considered: INFORM_CONSTRAINT.,adesanym_annotation.xlsx
mw22_PMUL3715.json_8,PMUL3715.json,8,Train TR5921 departs from stansted airport at 18:24 and arrives at cambridge at 19:30 on friday. Is there anything else I can help you with?,That will work. Please book 8 tickets. I'll also need a reference number.,adesanym,initial,,CONFIRM_ACCEPT,"Ambiguous mixed intent; selected CONFIRM_ACCEPT via tie break order. Also considered: REQUEST, INFORM_CONSTRAINT.",adesanym_annotation.xlsx
mw22_SNG0627.json_4,SNG0627.json,4,"You can choose between Mexican, Italian, Indian, and Chinese.","I would like Mexican, I would need a table for 6 at 16:00 on Monday",adesanym,initial,,INFORM_CONSTRAINT,,adesanym_annotation.xlsx
mw22_WOZ20167.json_6,WOZ20167.json,6,Cocum's address is 71 Castle Street City Centre. Is there anything else I can help you with today?,"No, thank you. Goodbye.",adesanym,initial,,SOCIAL,,adesanym_annotation.xlsx
mw22_PMUL0809.json_12,PMUL0809.json,12,"Actually, tandoori palace is in the expensive price range. The only moderately priced indian restaurant in the west is meghna.","I'd like a booking for Meghna for 5 people at 10:45 on the same day, please. And include the reference number.",adesanym,initial,,CONFIRM_ACCEPT,Ambiguous mixed intent; selected CONFIRM_ACCEPT via tie break order. Also considered: INFORM_CONSTRAINT.,adesanym_annotation.xlsx
mw22_MUL2203.json_16,MUL2203.json,16,"Yes, TR9629 leaves on Friday. Can I help you with anything else?","Nope, that was everything, thank you very much!",adesanym,initial,,SOCIAL,,adesanym_annotation.xlsx
mw22_MUL1529.json_2,MUL1529.json,2,I can help with that. What are your departure and destination choices?,Cmabridge to Norwich.,adesanym,initial,,CORRECT_CLARIFY,Ambiguous mixed intent; selected CORRECT_CLARIFY via tie break order. Also considered: CONFIRM_ACCEPT.,adesanym_annotation.xlsx
mw22_PMUL1567.json_6,PMUL1567.json,6,"Yes, there is the City Centre North B and B and the Worth House.",Great. Please book it for 8 people and 4 nights starting from Monday.,adesanym,initial,,CONFIRM_ACCEPT,Ambiguous mixed intent; selected CONFIRM_ACCEPT via tie break order. Also considered: INFORM_CONSTRAINT.,adesanym_annotation.xlsx
mw22_PMUL3874.json_8,PMUL3874.json,8,the cambridge belfry is in the cheap prise range would you like a booking?,Yes please.,adesanym,initial,,CONFIRM_ACCEPT,Ambiguous mixed intent; selected CONFIRM_ACCEPT via tie break order. Also considered: REQUEST.,adesanym_annotation.xlsx
mw22_PMUL2605.json_2,PMUL2605.json,2,There are 33 hotels in cambridge. Do you know the name?,Yes it is the carolina bed and breakfast.,adesanym,initial,,CONFIRM_ACCEPT,,adesanym_annotation.xlsx
mw22_MUL2543.json_2,MUL2543.json,2,There is one multiple sports attraction in Cambridge and it is in the east area: The cherry hinton village centre.,"Bummer, are there any nightclubs in the city centre instead?",adesanym,initial,,CORRECT_CLARIFY,,adesanym_annotation.xlsx
mw22_PMUL0139.json_10,PMUL0139.json,10,"Great, I have booked a room at this hotel to your required specifications. Your booking was successful and your reference number is 468MRI75 .",I would also like some Italian food in the area.,adesanym,initial,,CORRECT_CLARIFY,Ambiguous mixed intent; selected CORRECT_CLARIFY via tie break order. Also considered: CONFIRM_ACCEPT.,adesanym_annotation.xlsx
mw22_PMUL4443.json_6,PMUL4443.json,6,Sure! it's an indian restaurant located in the east. Do you want a reservation?,"Yes please 6 people, at 14:45 on Thursday.",adesanym,initial,,CONFIRM_ACCEPT,Ambiguous mixed intent; selected CONFIRM_ACCEPT via tie break order. Also considered: INFORM_CONSTRAINT.,adesanym_annotation.xlsx
mw22_MUL0772.json_12,MUL0772.json,12,"I have you booked at the Express by Holiday Inn, three people for four nights starting on Monday. Your reference number is XPFOA5KT . Is there anything else you need?",That is all thank you goodbye.,adesanym,initial,,SOCIAL,,adesanym_annotation.xlsx
mw22_PMUL4169.json_14,PMUL4169.json,14,"Yes, I can do that. I just need to know when you want to leave or arrive by, please/",I want to leave the hotel at 22:45.,adesanym,initial,,INFORM_CONSTRAINT,,adesanym_annotation.xlsx
mw22_PMUL3204.json_16,PMUL3204.json,16,Thanks for using this service! have a nice day.,"ok thanks, byeeee",adesanym,initial,,SOCIAL,,adesanym_annotation.xlsx
mw22_PMUL1090.json_8,PMUL1090.json,8,TR0397 will leave at 15:17 and arrive at 16:08. Would you be interested in booking this train?,"Yes, that would be fine. I need to make the booking for 8 people, please.",adesanym,initial,,CONFIRM_ACCEPT,Ambiguous mixed intent; selected CONFIRM_ACCEPT via tie break order. Also considered: INFORM_CONSTRAINT.,adesanym_annotation.xlsx
mw22_PMUL3170.json_10,PMUL3170.json,10,Absolutely. The TR5365 costs 10.10 pounds and has a travel time of 28 minutes. What else can I do for you?,I also need a place to eat.,adesanym,initial,,CORRECT_CLARIFY,Ambiguous mixed intent; selected CORRECT_CLARIFY via tie break order. Also considered: CONFIRM_ACCEPT.,adesanym_annotation.xlsx
mw22_PMUL2533.json_4,PMUL2533.json,4,alexander bed and breakfast is located in the centre and finches bed and breakfast is located in the west. both are cheap guesthouses with internet.,Please book Alexander Bed and Breakfast for 4 people and 5 nights starting on Tuesday.,adesanym,initial,,CONFIRM_ACCEPT,"Ambiguous mixed intent; selected CONFIRM_ACCEPT via tie break order. Also considered: REQUEST, INFORM_CONSTRAINT.",adesanym_annotation.xlsx
mw22_WOZ20361.json_8,WOZ20361.json,8,Their phone number is 01223 577786. Do you need their address also?,"no, thank you. Goodbye.",adesanym,initial,,SOCIAL,,adesanym_annotation.xlsx
mw22_SNG0082.json_4,SNG0082.json,4,"Alright, and what is your destination?",I am headed to curry prince.,adesanym,initial,,CORRECT_CLARIFY,Ambiguous mixed intent; selected CORRECT_CLARIFY via tie break order. Also considered: CONFIRM_ACCEPT.,adesanym_annotation.xlsx
mw22_MUL2538.json_2,MUL2538.json,2,I am showing a listing of 23 different museums in various areas of cambridge. Do you have a specific area you would like to visit?,Any area is fine. Do you have a favorite? Maybe we can check that one out. Which one do you like?,adesanym,initial,,REQUEST,,adesanym_annotation.xlsx
mw22_MUL0485.json_8,MUL0485.json,8,"There are a lot of trains then, can you tell me where you are departing from and how many tickets you need?",I will be departing from Bishops Stortford on Sunday.,adesanym,initial,,INFORM_CONSTRAINT,,adesanym_annotation.xlsx
mw22_SNG01938.json_4,SNG01938.json,4,"I've successfully booked your room for Friday, 1 person, staying 3 days. Your reference number is: F2X024Q6",Thank you so much for your help today.,adesanym,initial,,SOCIAL,,adesanym_annotation.xlsx
mw22_PMUL2685.json_10,PMUL2685.json,10,The phone number is 08712240240.,"Great, thank you. Could you also help me with booking a taxi to go from the hotel to the cinema?",adesanym,initial,,REQUEST,Ambiguous mixed intent; selected REQUEST via tie break order. Also considered: CONFIRM_ACCEPT.,adesanym_annotation.xlsx
mw22_PMUL2855.json_14,PMUL2855.json,14,"I recommend, the gallery at twelve a high street, their postal is cb15dh, any further questions?",I need also a taxi to leave the hotel by 2:30,adesanym,initial,,INFORM_CONSTRAINT,,adesanym_annotation.xlsx
mw22_PMUL3677.json_4,PMUL3677.json,4,They do serve international food.,No thank you that will be all,adesanym,initial,,SOCIAL,,adesanym_annotation.xlsx
mw22_PMUL1287.json_10,PMUL1287.json,10,You are welcome. Please comeback if we can do anything more for you!,I will. Thanks again. Good-bye.,adesanym,initial,,SOCIAL,,adesanym_annotation.xlsx
mw22_SNG01943.json_10,SNG01943.json,10,The Allenbell is in the cheap price range. Do you want me to book it?,"No, that's all I need for today. Good bye.",adesanym,initial,,SOCIAL,,adesanym_annotation.xlsx
mw22_MUL1529.json_10,MUL1529.json,10,What time would you like to eat? Are you eating with the same 3 people?,"Yes, the same party. I'd like the reservation for 10:00 that same Tuesday.",adesanym,initial,,CONFIRM_ACCEPT,Ambiguous mixed intent; selected CONFIRM_ACCEPT via tie break order. Also considered: INFORM_CONSTRAINT.,adesanym_annotation.xlsx
mw22_PMUL2730.json_12,PMUL2730.json,12,"Yes, it is located at 8 Market Passage, postcode cb23hx. What else can I assist you with today?",Is there a entrance fee?,adesanym,initial,,REQUEST,,adesanym_annotation.xlsx
mw22_PMUL1298.json_10,PMUL1298.json,10,01223336540 It is a museum in the center. It is free to get in.,Thank you that's all I need today.,adesanym,initial,,SOCIAL,,adesanym_annotation.xlsx
mw22_SNG1077.json_4,SNG1077.json,4,"I'd recommend the Cambridge Arts Theatre, myself.","That sounds good. Can I get the address and postcode, please?",adesanym,initial,,REQUEST,Ambiguous mixed intent; selected REQUEST via tie break order. Also considered: CONFIRM_ACCEPT.,adesanym_annotation.xlsx
mw22_SNG01326.json_4,SNG01326.json,4,"Alright, I have many options for you depending on the day of the week or times you wish to travel. Do you have a preference?","leaves at 1900hrs, arrives on sunday and booked fir one person.get me the reference number too",adesanym,initial,,CONFIRM_ACCEPT,"Ambiguous mixed intent; selected CONFIRM_ACCEPT via tie break order. Also considered: REQUEST, INFORM_CONSTRAINT.",adesanym_annotation.xlsx
mw22_MUL1298.json_4,MUL1298.json,4,Ok I have the Hobsons House on 96 barton road . Would you like me to book you a reservation ?,"Yes, that works. May i have the address?",adesanym,initial,,REQUEST,,adesanym_annotation.xlsx
mw22_MUL0341.json_8,MUL0341.json,8,Sure thing! Is there a particular time you'd like to leave or arrive by?,"I would like to arrive in Cambridge by 15:00, please.",adesanym,initial,,REQUEST,Ambiguous mixed intent; selected REQUEST via tie break order. Also considered: INFORM_CONSTRAINT.,adesanym_annotation.xlsx
mw22_PMUL1596.json_6,PMUL1596.json,6,The train departs at 09:50.,Great. I'm not ready to book today though. I am also looking for a place to stay.,adesanym,initial,,CONFIRM_ACCEPT,"Ambiguous mixed intent; selected CONFIRM_ACCEPT via tie break order. Also considered: REQUEST, INFORM_CONSTRAINT.",adesanym_annotation.xlsx
mw22_MUL1371.json_14,MUL1371.json,14,Rosa's is actually cheap and Aylesbury is moderately priced.,Does the Aylesbury have free wifi?,adesanym,initial,,REQUEST,,adesanym_annotation.xlsx
mw22_MUL0187.json_18,MUL0187.json,18,"All right, if you're sure you don't need a taxi as well, have a very good day, then.",I will. Thanks for your help.,adesanym,initial,,SOCIAL,,adesanym_annotation.xlsx
mw22_MUL1260.json_12,MUL1260.json,12,"It is in the same area, and does have wifi. When would you like your stay to begin?",I would like my stay to begin on Tuesday.,adesanym,initial,,INFORM_CONSTRAINT,,adesanym_annotation.xlsx
mw22_MUL2057.json_10,MUL2057.json,10,"There are 5 different options that fit that criteria, 2 in the east, 2 in the north, and one in the city centre. Would you like to hear more about these?",Which of those have free wifi?,adesanym,initial,,REQUEST,,adesanym_annotation.xlsx
mw22_SNG0724.json_2,SNG0724.json,2,There are 33 entries that meet your request. Is there a type of food you are looking for?,"No, I really don't mind. Recommend one to me.",adesanym,initial,,REQUEST,,adesanym_annotation.xlsx
mw22_PMUL1234.json_4,PMUL1234.json,4,Anytime you prefer to leave?,No. Just as I make my arrival time but not leave unnecessarily early.,adesanym,initial,,INFORM_CONSTRAINT,,adesanym_annotation.xlsx
mw22_PMUL0099.json_6,PMUL0099.json,6,Booking was successful. The table will be reserved for 15 minutes. Reference number is : 48WF5G7X . Can I help with anything else?,I am looking for a hotel in the same area that has free parking.,adesanym,initial,,CONFIRM_ACCEPT,Ambiguous mixed intent; selected CONFIRM_ACCEPT via tie break order. Also considered: INFORM_CONSTRAINT.,adesanym_annotation.xlsx
mw22_PMUL0822.json_10,PMUL0822.json,10,There are none in that area. Another type perhaps?,Bummer. I could try Chinese. Is there anything in the north?,adesanym,initial,,SOCIAL,,adesanym_annotation.xlsx
mw22_PMUL4384.json_16,PMUL4384.json,16,How many passengers will there be?,"It will just be me, so one.",adesanym,initial,,CORRECT_CLARIFY,Ambiguous mixed intent; selected CORRECT_CLARIFY via tie break order. Also considered: CONFIRM_ACCEPT.,adesanym_annotation.xlsx
mw22_PMUL2003.json_16,PMUL2003.json,16,Booking was successful. The table will be reserved for 15 minutes. Reference number is : VAGMWR8S .,Okay thanks. That's all for now. Bye.,adesanym,initial,,SOCIAL,,adesanym_annotation.xlsx
mw22_PMUL3246.json_6,PMUL3246.json,6,Reference number is 29IN9CT3 for the acorn guesthouse.,I would also like to eat somewhere cheap in the middle of town.,adesanym,initial,,REQUEST,Ambiguous mixed intent; selected REQUEST via tie break order. Also considered: INFORM_CONSTRAINT.,adesanym_annotation.xlsx
mw22_MUL0301.json_10,MUL0301.json,10,"Sitar Tandoori is an expensive indian restaurant on the east side of town. They are located at 43 High Street Cherry Hinton Cherry Hinton, cb19hx. Their phone is 01223249955.",I'd like to book a table for the same number of people (5) for that same day at 16:15 if it's available. I'd also like the reference number for that please.,adesanym,initial,,CONFIRM_ACCEPT,Ambiguous mixed intent; selected CONFIRM_ACCEPT via tie break order. Also considered: INFORM_CONSTRAINT.,adesanym_annotation.xlsx
mw22_PMUL1505.json_10,PMUL1505.json,10,I have the Cambridge Belfry. It is a cheap hotel located in the west. It's 4 star rated and offers free wifi and parking. Do you need a room?,"yes, please for 3 people for 3 nights starting on saturday",adesanym,initial,,CONFIRM_ACCEPT,Ambiguous mixed intent; selected CONFIRM_ACCEPT via tie break order. Also considered: INFORM_CONSTRAINT.,adesanym_annotation.xlsx
mw22_PMUL0236.json_4,PMUL0236.json,4,"The Lensfield is an expensively-priced 3 star hotel on the south side of town. They provide free Internet and parking, and they're located at 53-57 Lensfield Road, postcode cb21en.","Thank, I also want to dine at a restaurant in the same area with an expensive price range.",adesanym,initial,,INFORM_CONSTRAINT,,adesanym_annotation.xlsx
mw22_WOZ20015.json_2,WOZ20015.json,2,There are no restaurants that serve swedish food. Are you interested in some other type of food?,"Yes, how about North American food. I will also need the address, phone number, and postcode.",adesanym,initial,,CONFIRM_ACCEPT,Ambiguous mixed intent; selected CONFIRM_ACCEPT via tie break order. Also considered: REQUEST.,adesanym_annotation.xlsx
mw22_SNG02276.json_2,SNG02276.json,2,There are 21 guesthouses and hotels in the area that are 4 stars and have free wifi. Do you have a preference for price range or location?,I would like one located in the east with a moderate price range.,adesanym,initial,,INFORM_CONSTRAINT,,adesanym_annotation.xlsx
mw22_MUL0700.json_14,MUL0700.json,14,"Yes, indeed! I can make a booking for three people for three days. The reference number for that booking is 463S05XE .",Thank you very much! Can you also help me find a train? I am looking for one that leaves from Cambridge after 11:00 and goes to Kings Lynn on Friday.,adesanym,initial,,REQUEST,Ambiguous mixed intent; selected REQUEST via tie break order. Also considered: INFORM_CONSTRAINT.,adesanym_annotation.xlsx
mw22_SNG01610.json_6,SNG01610.json,6,The contact number is: 07720856341.,Thank you very much.,adesanym,initial,,SOCIAL,,adesanym_annotation.xlsx
mw22_PMUL0933.json_2,PMUL0933.json,2,"There are 404 trains running on Wednesday, what point of departure and point of arrival are you interested in?",I need to depart from ely and arrive by 16:30.,adesanym,initial,,INFORM_CONSTRAINT,,adesanym_annotation.xlsx
mw22_PMUL3830.json_4,PMUL3830.json,4,"TR8604 leaves at 15:36, would this one work for you?","Yes, that would be find. I'll need to book tickets for 7 people. Can I have the reference number please?",adesanym,initial,,REQUEST,,adesanym_annotation.xlsx
mw22_PMUL0766.json_12,PMUL0766.json,12,Alright I've made that booking they will hold the table for 15 minutes and the reference # is 0VES7LP4 . Is there anything else i can help you with?,"No, that's it. Thank you. Goodbye.",adesanym,initial,,SOCIAL,,adesanym_annotation.xlsx
mw22_PMUL4136.json_14,PMUL4136.json,14,"I'm sorry it looks like there was a typo in the time you'd like to depart, could you confirm your departure time again please?","Sorry, I want to leave after 14:30. Please let me know the time of arrival and travel time.",adesanym,initial,,REQUEST,Ambiguous mixed intent; selected REQUEST via tie break order. Also considered: INFORM_CONSTRAINT.,adesanym_annotation.xlsx
mw22_MUL1274.json_12,MUL1274.json,12,I was able to successfully book you at the CityRoomz. Your reference number is T5TKS4ER . Is there anything else I can help with?,No thank you for all your help.,adesanym,initial,,SOCIAL,,adesanym_annotation.xlsx
mw22_SNG01551.json_2,SNG01551.json,2,There are no 3-star lodgings available in Cambridge. Shall we check 4-star locations instead?,Sure. Check only for hotels which include free parking also.,adesanym,initial,,CONFIRM_ACCEPT,Ambiguous mixed intent; selected CONFIRM_ACCEPT via tie break order. Also considered: REQUEST.,adesanym_annotation.xlsx
mw22_MUL2659.json_14,MUL2659.json,14,You're welcome. Would you like me to book a room?,Oops look like I made a typo. Is that hotel a guesthouse and in the cheap price range?,adesanym,initial,,CONFIRM_ACCEPT,"Ambiguous mixed intent; selected CONFIRM_ACCEPT via tie break order. Also considered: REQUEST, INFORM_CONSTRAINT.",adesanym_annotation.xlsx
mw22_SNG01535.json_4,SNG01535.json,4,If you take the TR1079 at 9:09 you can arrive in Cambridge by 10:54. Would you like me to book it?,"Yes, that sounds great. I would like to book the train for 7 people. What is the reference number?",adesanym,initial,,REQUEST,,adesanym_annotation.xlsx
mw22_PMUL0676.json_6,PMUL0676.json,6,The address is 11 Peas Hill City Centre cb23pp. The phone number is 01223566188.,Thanks! I also need a train after 14:45 on Saturday.,adesanym,initial,,INFORM_CONSTRAINT,Ambiguous mixed intent; selected INFORM_CONSTRAINT via tie break order. Also considered: SOCIAL.,adesanym_annotation.xlsx
mw22_PMUL4313.json_4,PMUL4313.json,4,There are 4 Chinese restaurant in the centre of town in the expensive price range. May I suggest HK Fusion?,Can I book it for 1 person at 14:15 on thursday?,adesanym,initial,,REQUEST,,adesanym_annotation.xlsx
mw22_MUL2285.json_10,MUL2285.json,10,"THe first train after 08:30 is TR2831, it leaves at 09:11 and arrives at 09:58, I can book you if you like.","Yes please, go ahead and book that.",adesanym,initial,,CONFIRM_ACCEPT,Ambiguous mixed intent; selected CONFIRM_ACCEPT via tie break order. Also considered: REQUEST.,adesanym_annotation.xlsx
mw22_MUL0684.json_10,MUL0684.json,10,There are 3 cheap guesthouses in east with free parking. They are all 4 stars. Would you like me to book one of those?,"No, I'd like that zero star cheap guesthouse in the north.",adesanym,initial,,INFORM_CONSTRAINT,,adesanym_annotation.xlsx
mw22_PMUL3477.json_4,PMUL3477.json,4,"Perfect, I have train TR1472 that meets your criteria, would you like me to book a ticket for you?",Book it for 3 people.,adesanym,initial,,CONFIRM_ACCEPT,"Ambiguous mixed intent; selected CONFIRM_ACCEPT via tie break order. Also considered: REQUEST, INFORM_CONSTRAINT.",adesanym_annotation.xlsx
mw22_PMUL1367.json_18,PMUL1367.json,18,"Can I look up any attractions, taxi or anything else for you?","No, that is all I need today. Thank you so much.",adesanym,initial,,SOCIAL,,adesanym_annotation.xlsx
mw22_MUL0056.json_4,MUL0056.json,4,"I was unable to book, could you please choose another day or pick a shorter stay.",How about 4 nights instead of 5?,adesanym,initial,,CORRECT_CLARIFY,"Ambiguous mixed intent; selected CORRECT_CLARIFY via tie break order. Also considered: REQUEST, INFORM_CONSTRAINT.",adesanym_annotation.xlsx
mw22_MUL0667.json_4,MUL0667.json,4,"Okay, I've got two that fit the bill. One in the centre of town and one in the south. Do you have a preference?","I do, yes. I would like to stay in the center of town. I need it to fit five people, for 3 nights, starting Wednesday afternoon.",adesanym,initial,,CONFIRM_ACCEPT,Ambiguous mixed intent; selected CONFIRM_ACCEPT via tie break order. Also considered: INFORM_CONSTRAINT.,adesanym_annotation.xlsx
mw22_WOZ20423.json_2,WOZ20423.json,2,I'm sorry but there are no swiss restaurants in town. Can i offer you something else?,How about vietnamese food?,adesanym,initial,,REQUEST,,adesanym_annotation.xlsx
mw22_PMUL1461.json_6,PMUL1461.json,6,"Nusha is located at Unit G6, Cambridge Leisure Park, Clifton Road. Their post code is cb17dy, and their phone number is 01223902158.",I also need a train from broxbourne.,adesanym,initial,,CORRECT_CLARIFY,Ambiguous mixed intent; selected CORRECT_CLARIFY via tie break order. Also considered: CONFIRM_ACCEPT.,adesanym_annotation.xlsx
mw22_PMUL2407.json_12,PMUL2407.json,12,What time would you like?,I would like to reserve it for 11:15 for 8 people.,adesanym,initial,,INFORM_CONSTRAINT,,adesanym_annotation.xlsx
mw22_PMUL2389.json_6,PMUL2389.json,6,I recommend the Rice House. Their phone number is 01223367755.,I am also looking for information on Clare College.,adesanym,initial,,CONFIRM_ACCEPT,Ambiguous mixed intent; selected CONFIRM_ACCEPT via tie break order. Also considered: INFORM_CONSTRAINT.,adesanym_annotation.xlsx
mw22_PMUL2205.json_2,PMUL2205.json,2,"Curry prince is available, would you like to try that?",That sounds good. Where is it located? I was looking for somewhere in the east.,adesanym,initial,,REQUEST,,adesanym_annotation.xlsx
mw22_MUL2388.json_10,MUL2388.json,10,"Sure, what time and where would you like to be picked up?",I would like the taxi to leave the restaurant by 14:45.,adesanym,initial,,INFORM_CONSTRAINT,,adesanym_annotation.xlsx
mw22_MUL0554.json_10,MUL0554.json,10,"Certainly, I have booked TR4734 arriving at 09:54 your reference number is VZ5HHW3E . Can I help with anything else?","That will be all, thank you. Have a great day.",adesanym,initial,,SOCIAL,,adesanym_annotation.xlsx
mw22_MUL0096.json_14,MUL0096.json,14,the alexander bed and breakfast has free wifi.,"Alright, thanks for the information. That was all I needed for today.",adesanym,initial,,SOCIAL,,adesanym_annotation.xlsx
mw22_MUL1635.json_16,MUL1635.json,16,Please review the conversation history and see if the TR2365 with its departure time of 09:16 and cost of 17.60 pounds meets your needs before we proceed.,"That was all the information I needed, thank you.",adesanym,initial,,SOCIAL,,adesanym_annotation.xlsx
mw22_PMUL1177.json_10,PMUL1177.json,10,I am sorry none of them are in the south. Something else perhaps?,How about a theater in the south?,adesanym,initial,,REQUEST,,adesanym_annotation.xlsx
mw22_MUL1931.json_4,MUL1931.json,4,What is your departure day and time?,I'll be leaving monday and the departure time doesn't matter.,adesanym,initial,,INFORM_CONSTRAINT,,adesanym_annotation.xlsx
mw22_PMUL1764.json_4,PMUL1764.json,4,The address is 56 saint barnabas road.,I will also need a train on Tuesday.,adesanym,initial,,INFORM_CONSTRAINT,,adesanym_annotation.xlsx
mw22_PMUL1209.json_12,PMUL1209.json,12,yes its a very nice attraction.,Can I get their phone number please?,adesanym,initial,,REQUEST,,adesanym_annotation.xlsx
mw22_PMUL4481.json_4,PMUL4481.json,4,University Arms Hotel is rated 4 stars. Would you like reservation?,Do they have internet and if so what is the address there?,adesanym,initial,,REQUEST,,adesanym_annotation.xlsx
mw22_PMUL4252.json_10,PMUL4252.json,10,I booked it for you. The reference number is TCBE0PUQ .,"Thank you, goodbye",adesanym,initial,,SOCIAL,,adesanym_annotation.xlsx
mw22_MUL0407.json_8,MUL0407.json,8,Absolutely. TR8364 will depart cambridge for kings lynn at 16:11 on Saturday. Would you like to book passage on that train?,"Yes, and please be sure to give me the ID.",adesanym,initial,,CONFIRM_ACCEPT,Ambiguous mixed intent; selected CONFIRM_ACCEPT via tie break order. Also considered: REQUEST.,adesanym_annotation.xlsx
mw22_MUL2455.json_10,MUL2455.json,10,Absolutely! It is located at cherry hinton road and is an entertainment in the east area.,Thanks. Can you provide the phone number and postcode too?,adesanym,initial,,REQUEST,,adesanym_annotation.xlsx
mw22_SNG0745.json_2,SNG0745.json,2,"I have about 5 different ones to offer you. I have european food, french, chinese and asian oriental. Do you prefer a certain cuisine?",Can you give me some additional information on the Asian Oriental one?,adesanym,initial,,REQUEST,,adesanym_annotation.xlsx
mw22_PMUL0502.json_2,PMUL0502.json,2,"There are a variety of restaurants to chose from. Would you like Indian, Chinese, British, International fare or a Gastropub?",We would like to try a Portuguese place. Is there one available?,adesanym,initial,,REQUEST,,adesanym_annotation.xlsx
mw22_SSNG0027.json_10,SSNG0027.json,10,The only other cheap restaurant in the center of the city is a Portuguese restaurant. Would you like me to book that for you.,"Yes, please. Same people, date, and time.",adesanym,initial,,CONFIRM_ACCEPT,Ambiguous mixed intent; selected CONFIRM_ACCEPT via tie break order. Also considered: REQUEST.,adesanym_annotation.xlsx
mw22_MUL1125.json_8,MUL1125.json,8,No problem. Will it be just you?,No it will be for 2 people for 5 nights.,adesanym,initial,,INFORM_CONSTRAINT,,adesanym_annotation.xlsx
mw22_SNG0013.json_6,SNG0013.json,6,Is there anything else I can do for you?,"No, thank you, I am all set.",adesanym,initial,,SOCIAL,,adesanym_annotation.xlsx
mw22_PMUL3806.json_6,PMUL3806.json,6,"sure, there is the grafton hotel restaurant in that area.",Great! May I get the phone number and address?,adesanym,initial,,REQUEST,,adesanym_annotation.xlsx
mw22_SNG02052.json_2,SNG02052.json,2,I did not find any. Would you like to try a different cuisine?,"Sure, let's try modern English food.",adesanym,initial,,CONFIRM_ACCEPT,,adesanym_annotation.xlsx
mw22_MUL1018.json_6,MUL1018.json,6,I have 6 different options. Do you have a preference for the price range?,"I prefer to stay somewhere in the cheap price range, and it should include free parking.",adesanym,initial,,REQUEST,Ambiguous mixed intent; selected REQUEST via tie break order. Also considered: INFORM_CONSTRAINT.,adesanym_annotation.xlsx
mw22_PMUL2821.json_12,PMUL2821.json,12,How about the Cambridge artworks museum? It has free admission.,That sounds interesting. Could you give me the address?,adesanym,initial,,REQUEST,,adesanym_annotation.xlsx
mw22_PMUL4395.json_24,PMUL4395.json,24,Of course. The departure time is 9:59. The duration of the trip is 88 minutes. Can I help with anything else today?,"No, that will be all. Thank you.",adesanym,initial,,SOCIAL,,adesanym_annotation.xlsx
mw22_MUL2600.json_6,MUL2600.json,6,Their address is 2-3 castle street and the fee is 3.50 pounds. Is there anything else that I can help you with?,Yes - I'm looking for a 3-star place to stay. Something moderately priced.,adesanym,initial,,CONFIRM_ACCEPT,Ambiguous mixed intent; selected CONFIRM_ACCEPT via tie break order. Also considered: INFORM_CONSTRAINT.,adesanym_annotation.xlsx
mw22_PMUL3010.json_12,PMUL3010.json,12,The TR0467 leaves at 9:34 and arrives at 10:24. The cost is 16.50 pounds. Does this work for you?,"Thank you, that was all I needed today. Goodbye.",adesanym,initial,,SOCIAL,,adesanym_annotation.xlsx
mw22_MUL0823.json_14,MUL0823.json,14,"Okay, I've booked a car for you. It's a white Tesla. The contact number is 07746645374. What else can I do for you?",That will be everything I needed today. Thanks for your help!,adesanym,initial,,SOCIAL,,adesanym_annotation.xlsx
mw22_PMUL1564.json_8,PMUL1564.json,8,I've found TR2771 leaving cambridge at 13:29 and arriving at 14:07. The price is 10.10 pounds. Can I book this train for you?,What is the total travel time for the train?,adesanym,initial,,REQUEST,,adesanym_annotation.xlsx
mw22_PMUL3754.json_18,PMUL3754.json,18,You're very welcome. Is there anything else I can help you with?,"No, that's all thank you very much. Goodbye",adesanym,initial,,SOCIAL,,adesanym_annotation.xlsx
mw22_MUL2655.json_2,MUL2655.json,2,"Yes, we have so many interesting architectural attractions. Do you have any particular area in mind?","Yes, I'm looking for something in the west.",adesanym,initial,,SOCIAL,,adesanym_annotation.xlsx
mw22_PMUL2623.json_14,PMUL2623.json,14,Is there anything I can do for you?,"That's all, thanks",adesanym,initial,,SOCIAL,,adesanym_annotation.xlsx
mw22_SNG1069.json_4,SNG1069.json,4,"I definitely recommend the Williams Art and Antiques. It's free to get in. They are located on Gwydir Street, No. 5 Dale's Brewery. The postcode is cb12lj.","Thanks so much, that sounds perfect.",adesanym,initial,,SOCIAL,,adesanym_annotation.xlsx
mw22_PMUL1993.json_14,PMUL1993.json,14,I have the allenbell located at 517a coldham lane it meets all your specifications. Would you like reservations?,"No thanks, just needed the address. That's all for today thank you!",adesanym,initial,,INFORM_CONSTRAINT,Ambiguous mixed intent; selected INFORM_CONSTRAINT via tie break order. Also considered: SOCIAL.,adesanym_annotation.xlsx
mw22_SNG02316.json_10,SNG02316.json,10,I have a red honda with contact number 07992450678.,Thank you! I think that is all I need for today.,adesanym,initial,,SOCIAL,,adesanym_annotation.xlsx
mw22_MUL1816.json_4,MUL1816.json,4,"Unfortunately, I don't have a multiple sport attraction in the centre. Can I try a different area or type of attraction for you?",How about a museum instead?,adesanym,initial,,CORRECT_CLARIFY,Ambiguous mixed intent; selected CORRECT_CLARIFY via tie break order. Also considered: REQUEST.,adesanym_annotation.xlsx
mw22_PMUL1474.json_8,PMUL1474.json,8,Clare college costs 2.50 pounds to enter. Their phone number is 01223333200. Anything more for you today?,"Nope, that takes care of all my needs! Thanks, goodbye!",adesanym,initial,,SOCIAL,,adesanym_annotation.xlsx
mw22_SNG1339.json_6,SNG1339.json,6,The next train after 12:00 leaves at 12:21. Would you like to purchase tickets for that train or is there anything else I can help you with?,I'd just like the travel time and train ID for that one please.,adesanym,initial,,REQUEST,Ambiguous mixed intent; selected REQUEST via tie break order. Also considered: INFORM_CONSTRAINT.,adesanym_annotation.xlsx
mw22_PMUL3325.json_6,PMUL3325.json,6,"The phone number is 01223227330, the postcode is cb21qa and the address is 15 - 19 Trumpington Street. Would you like me to reserve a table?",No thanks. I also need an expensive place to stay that has free parking.,adesanym,initial,,INFORM_CONSTRAINT,Ambiguous mixed intent; selected INFORM_CONSTRAINT via tie break order. Also considered: SOCIAL.,adesanym_annotation.xlsx
mw22_PMUL4078.json_8,PMUL4078.json,8,"Yes, the address is 17 Hills Road City Centre and postcode is cb21nw. Would you like me to make a reservation?","no, thanks for all of your help you have been great!",adesanym,initial,,SOCIAL,,adesanym_annotation.xlsx
mw22_SNG0795.json_6,SNG0795.json,6,Sure their address is 365 milton road and their phone number is 01223425478. Is there anything else I can help you with?,"No, I think that covers everything. Thanks!",adesanym,initial,,SOCIAL,,adesanym_annotation.xlsx
mw22_PMUL3188.json_8,PMUL3188.json,8,There are actually 5 trains available that day. They are every other hour beginning at 5:17 and ending at 23:17. Would you like book one of these trips?,book one that arrives by 10:15 and goes to cambridge,adesanym,initial,,CONFIRM_ACCEPT,"Ambiguous mixed intent; selected CONFIRM_ACCEPT via tie break order. Also considered: REQUEST, INFORM_CONSTRAINT.",adesanym_annotation.xlsx
mw22_MUL0799.json_12,MUL0799.json,12,That is departing ely and arriving in cambridge,"Alright, all I need the travel time and that should be all, thanks!",adesanym,initial,,SOCIAL,Ambiguous mixed intent; selected SOCIAL via tie break order. Also considered: REQUEST.,adesanym_annotation.xlsx
mw22_SNG1031.json_4,SNG1031.json,4,How about Hobsons House? It is a moderately priced guesthouse in the west end.,Does that place have free wifi?,adesanym,initial,,REQUEST,Ambiguous mixed intent; selected REQUEST via tie break order. Also considered: INFORM_CONSTRAINT.,adesanym_annotation.xlsx
mw22_PMUL1440.json_8,PMUL1440.json,8,"OK, what is the name of the attraction?",it's called gonville and caius college.,adesanym,initial,,CORRECT_CLARIFY,Ambiguous mixed intent; selected CORRECT_CLARIFY via tie break order. Also considered: CONFIRM_ACCEPT.,adesanym_annotation.xlsx
mw22_PMUL0226.json_6,PMUL0226.json,6,I have made that reservation and your reference number is 0X0N3WV0 .,Thanks so much. Can you help me find a place to stay in that area as well?,adesanym,initial,,REQUEST,,adesanym_annotation.xlsx
mw22_MUL0246.json_4,MUL0246.json,4,"I found nine trains leaving stansted airport for cambridge, leaving every hour starting at 15:24. Would you like to book that first train?","I would maybe be interested in booking this train. What is the train id, price per ticket and arrival time?",adesanym,initial,,REQUEST,Ambiguous mixed intent; selected REQUEST via tie break order. Also considered: CONFIRM_ACCEPT.,adesanym_annotation.xlsx
mw22_MUL0470.json_14,MUL0470.json,14,"The address of Ballare is heidelberg gardens, lion yard. The phone number is 01223364222. The entrance fee is 5 pounds.",That was everything I needed. Thank you very much for helping me.,adesanym,initial,,SOCIAL,,adesanym_annotation.xlsx
mw22_MUL1135.json_8,MUL1135.json,8,"The number is 01223210353. I can make that booking for you, I would just need to know and arrival date and for how many people and length of your stay.","Can you confirm if this hotel is 4 star? If so, I will need to book it for 1 person for five nights starting on wednesday.",adesanym,initial,,REQUEST,,adesanym_annotation.xlsx
mw22_SNG1313.json_2,SNG1313.json,2,Where would you like to go?,"I would like to depart from Cambridge, and travel to Bishops Stortford.",adesanym,initial,,CORRECT_CLARIFY,Ambiguous mixed intent; selected CORRECT_CLARIFY via tie break order. Also considered: CONFIRM_ACCEPT.,adesanym_annotation.xlsx
mw22_MUL1208.json_10,MUL1208.json,10,There is a Pizza Express in the centre that is moderately priced. Would you like to book there?,"Yes, for the same group of people on Monday at 17:15, please.",adesanym,initial,,CONFIRM_ACCEPT,Ambiguous mixed intent; selected CONFIRM_ACCEPT via tie break order. Also considered: INFORM_CONSTRAINT.,adesanym_annotation.xlsx
mw22_MUL2190.json_10,MUL2190.json,10,I've got 19 trains that leave on Monday. What time would you like to arrive?,I would like the earliest train available please. Can you tell me the train ID and travel time please?,adesanym,initial,,REQUEST,,adesanym_annotation.xlsx
mw22_MUL2491.json_20,MUL2491.json,20,"Okay, I have booked a taxi for you It will be a white Tesla and the contact number is 07162438055. Would there be anything else?","No, that is all. Goodbye!",adesanym,initial,,SOCIAL,,adesanym_annotation.xlsx
mw22_PMUL2692.json_10,PMUL2692.json,10,I would suggest churchill college,That sounds interesting. What part of town is it in?,adesanym,initial,,REQUEST,,adesanym_annotation.xlsx
mw22_WOZ20004.json_4,WOZ20004.json,4,The Golden Wok serves Chinese food. Would you like more information?,Yes what is the address for the business?,adesanym,initial,,REQUEST,,adesanym_annotation.xlsx
mw22_WOZ20051.json_4,WOZ20051.json,4,sala thong serves thai food and is located in the west part of town. Would you like more information for them?,"Yes, the address, phone number, and their price range please.",adesanym,initial,,CONFIRM_ACCEPT,Ambiguous mixed intent; selected CONFIRM_ACCEPT via tie break order. Also considered: REQUEST.,adesanym_annotation.xlsx
mw22_MUL1223.json_8,MUL1223.json,8,Excellent. Do you have an idea on the location?,"Any location is fine, but I would prefer something that is in the expensive price range.",adesanym,initial,,INFORM_CONSTRAINT,Ambiguous mixed intent; selected INFORM_CONSTRAINT via tie break order. Also considered: SOCIAL.,adesanym_annotation.xlsx
mw22_MUL0870.json_2,MUL0870.json,2,There are several attractions in the town centre. Are you looking for a particular type?,"Yes, please find any museums in the town centre.",adesanym,initial,,CONFIRM_ACCEPT,Ambiguous mixed intent; selected CONFIRM_ACCEPT via tie break order. Also considered: REQUEST.,adesanym_annotation.xlsx
mw22_WOZ20062.json_2,WOZ20062.json,2,"Sorry, there are no restaurants in the south part of town serving panasian food.",italian food please. phone number and postcode please.,adesanym,initial,,REQUEST,,adesanym_annotation.xlsx
mw22_PMUL1447.json_8,PMUL1447.json,8,Train TR4329 has a travel time of 47 minutes with a cost of 9.80 pounds. I'd be happy to book that for you.,"That's okay, can you tell me about parks in town?",adesanym,initial,,REQUEST,,adesanym_annotation.xlsx
mw22_MUL1571.json_6,MUL1571.json,6,"Sure thing - just let me know where you're going, what day you're going there, and at what time.",The train should go to peterborough and should leave on monday after 10:30.,adesanym,initial,,INFORM_CONSTRAINT,,adesanym_annotation.xlsx
mw22_MUL2375.json_10,MUL2375.json,10,"Sure, the phone number is 01223277977 and their address is Hotel Felix Whitehouse Lane Huntingdon Road.",Thank you for all your help today! Goodbye,adesanym,initial,,SOCIAL,,adesanym_annotation.xlsx
mw22_SNG0565.json_6,SNG0565.json,6,Sounds great! Is there anything else I can assist you with?,"That will be all, thank you.",adesanym,initial,,SOCIAL,,adesanym_annotation.xlsx
mw22_SNG1015.json_2,SNG1015.json,2,I have 4 options for you - would you like cheap or expensive? I have nothing in between.,I'm flexible on the price point butthe place will need to be a guesthouse that also had free wifi.,adesanym,initial,,INFORM_CONSTRAINT,,adesanym_annotation.xlsx
mw22_MUL0047.json_4,MUL0047.json,4,I'm sorry I am still not finding anything. is there another type of food you would be interested in looking for?,"Well, can I get some african food instead?",adesanym,initial,,CORRECT_CLARIFY,Ambiguous mixed intent; selected CORRECT_CLARIFY via tie break order. Also considered: REQUEST.,adesanym_annotation.xlsx
mw22_MUL1252.json_8,MUL1252.json,8,I have 2 guesthouse and 2 hotels in the centre. Do you have a preference or a price range in mind today?,A 2 star would be good. I don't care about price range.,adesanym,initial,,CORRECT_CLARIFY,Ambiguous mixed intent; selected CORRECT_CLARIFY via tie break order. Also considered: INFORM_CONSTRAINT.,adesanym_annotation.xlsx
mw22_MUL0023.json_24,MUL0023.json,24,I searched for 4 people. Shall we try 8?,"I need the hotel for four nights, and eight people please.",adesanym,initial,,REQUEST,Ambiguous mixed intent; selected REQUEST via tie break order. Also considered: INFORM_CONSTRAINT.,adesanym_annotation.xlsx
mw22_PMUL3435.json_14,PMUL3435.json,14,The TR7583 leaves at 6:09. Do you want to book it?,Does that arrive before 8:45?,adesanym,initial,,REQUEST,Ambiguous mixed intent; selected REQUEST via tie break order. Also considered: INFORM_CONSTRAINT.,adesanym_annotation.xlsx
mw22_MUL1906.json_8,MUL1906.json,8,"I was able to book you, your reference number is CEP20AFO ., total cost 57.28 payable at the station.. Any other questions?",Yes please. I've heard that Emmanuel College is an interesting place. What can you tell me about it?,adesanym,initial,,REQUEST,,adesanym_annotation.xlsx
mw22_PMUL3480.json_4,PMUL3480.json,4,"We have four options, but i recommend the gallery at twelve a high street, would you like more information?","Yes, can I get the postcode?",adesanym,initial,,REQUEST,,adesanym_annotation.xlsx
mw22_PMUL0913.json_6,PMUL0913.json,6,"I have your reservation for 5 people on sunday at 20:00, your reference number is HJ2OIWKI . Can I help with anything else?",train. The train should be on the same day as the restaurant booking and should go to cambridge,adesanym,initial,,CONFIRM_ACCEPT,Ambiguous mixed intent; selected CONFIRM_ACCEPT via tie break order. Also considered: REQUEST.,adesanym_annotation.xlsx
mw22_MUL2378.json_12,MUL2378.json,12,I have booked a cab to take you to the restaurant when you leave All Saint's Church. The booked car type is a yellow volkswagen. The contact number is 07396045902.,"Thanks so much, that's all I need today!",adesanym,initial,,SOCIAL,,adesanym_annotation.xlsx
mw22_WOZ20420.json_4,WOZ20420.json,4,I have found no restaurants serving Christmas food in the expensive price range. Would you like a different type of food?,Are there European types of restaurants?,adesanym,initial,,REQUEST,,adesanym_annotation.xlsx
mw22_PMUL0742.json_8,PMUL0742.json,8,"There are two la mimosa and shiraz restaurant, I recommend la mimosa would you like me to book it for you?",Can I just get the contact information for La Mimosa for right now?,adesanym,initial,,REQUEST,Ambiguous mixed intent; selected REQUEST via tie break order. Also considered: INFORM_CONSTRAINT.,adesanym_annotation.xlsx
mw22_PMUL3481.json_4,PMUL3481.json,4,There are several leaving on Sunday. What time would you like to depart?,The train should leave after 17:15 and should go to bishops stortford.,adesanym,initial,,INFORM_CONSTRAINT,,adesanym_annotation.xlsx
mw22_SSNG0078.json_2,SSNG0078.json,2,I have found the Grafton Hotel Restaurant at 619 Newmarket Road. Would like a reservation?,Is the restaurant in the expensive price range?,adesanym,initial,,REQUEST,,adesanym_annotation.xlsx
mw22_MUL1728.json_12,MUL1728.json,12,Travel time is approximately 105 minutes.,That's all that I need.,adesanym,initial,,CORRECT_CLARIFY,Ambiguous mixed intent; selected CORRECT_CLARIFY via tie break order. Also considered: CONFIRM_ACCEPT.,adesanym_annotation.xlsx
mw22_PMUL3767.json_12,PMUL3767.json,12,How many nights would you like?,"Please book for 2 nights, for 1 person starting on Monday.",adesanym,initial,,CONFIRM_ACCEPT,"Ambiguous mixed intent; selected CONFIRM_ACCEPT via tie break order. Also considered: REQUEST, INFORM_CONSTRAINT.",adesanym_annotation.xlsx
mw22_PMUL0585.json_18,PMUL0585.json,18,There are no other Japenese Restaurants in that area.,Could you try to book that again for 5 people at 18:00 on Tuesday?,adesanym,initial,,REQUEST,,adesanym_annotation.xlsx
mw22_PMUL1933.json_12,PMUL1933.json,12,Would you like to go to hogwarts?,"Umm, no I am going to Leicester from Cambridge on Thursday arriving by 10:15.",adesanym,initial,,INFORM_CONSTRAINT,,adesanym_annotation.xlsx
mw22_MUL1332.json_38,MUL1332.json,38,"you're welcome, anything else i can help you with?","No, that is all I need. Thank you!",adesanym,initial,,SOCIAL,,adesanym_annotation.xlsx
mw22_MUL0448.json_2,MUL0448.json,2,There are many trains available for that criteria. I can narrow it down if you tell me where you will be departing from.,I am leaving Thursday from Birmingham New Street to Cambridge. I want to leave around 11:45.,adesanym,initial,,INFORM_CONSTRAINT,,adesanym_annotation.xlsx
mw22_PMUL4307.json_10,PMUL4307.json,10,there are lots of trains. Do you have times you would like to travel ?,I would prefer it be the earliest train you can book.,adesanym,initial,,CONFIRM_ACCEPT,Ambiguous mixed intent; selected CONFIRM_ACCEPT via tie break order. Also considered: REQUEST.,adesanym_annotation.xlsx
mw22_PMUL1329.json_8,PMUL1329.json,8,Okay. TR6572 departs at 05:29. Would you like me to book that for you?,What is the price?,adesanym,initial,,REQUEST,,adesanym_annotation.xlsx
mw22_PMUL1124.json_4,PMUL1124.json,4,I would recommend TR1567 which leaves Cambridge at 17:29 and arrives at Bishops Stortford at 18:07.,"No, can you find another one please?",adesanym,initial,,REQUEST,Ambiguous mixed intent; selected REQUEST via tie break order. Also considered: CORRECT_CLARIFY.,adesanym_annotation.xlsx
mw22_SNG0088.json_2,SNG0088.json,2,I will need a little more information before I can book it. What is your destination and what time do you want to depart/arrive?,i want to go to rosa's bed and breakfast and would like to arrive by 3,adesanym,initial,,INFORM_CONSTRAINT,,adesanym_annotation.xlsx
mw22_PMUL1742.json_8,PMUL1742.json,8,Your only departure site is cambridge. And the cost is 60.08 pounds.,That's where I am leaving from. I'll need tickets for 3 people and we need to leave after 15:30.,adesanym,initial,,REQUEST,Ambiguous mixed intent; selected REQUEST via tie break order. Also considered: INFORM_CONSTRAINT.,adesanym_annotation.xlsx
mw22_PMUL2249.json_4,PMUL2249.json,4,You're all set! I've got you booked with reference number TOQNLZH1 . Is there anything else I can do?,No. I am all set. Thanks. Goodbye.,adesanym,initial,,SOCIAL,,adesanym_annotation.xlsx
mw22_PMUL1780.json_2,PMUL1780.json,2,Where do you wish to depart from?,I will be departing from stansted airport and want to leave after 18:15.,adesanym,initial,,INFORM_CONSTRAINT,,adesanym_annotation.xlsx
mw22_PMUL0270.json_4,PMUL0270.json,4,"Chiquito restaurant and bar is in the south area, what time would you like me to book your 4 people for?",yes four people for Friday at 17:30,adesanym,initial,,CONFIRM_ACCEPT,Ambiguous mixed intent; selected CONFIRM_ACCEPT via tie break order. Also considered: INFORM_CONSTRAINT.,adesanym_annotation.xlsx
mw22_SNG0131.json_2,SNG0131.json,2,"Of course, the phone number is 01223358966, the address is Parkside, Cambridge, postcode CB11JG. Is everything alright?",That's it. Thank you!,adesanym,initial,,SOCIAL,,adesanym_annotation.xlsx
mw22_SNG02178.json_2,SNG02178.json,2,"You need to go to the police station at Parkside, Cambridge, CB11JG","Thanks, I need the phone number too please.",adesanym,initial,,REQUEST,Ambiguous mixed intent; selected REQUEST via tie break order. Also considered: SOCIAL.,adesanym_annotation.xlsx
mw22_SSNG0215.json_8,SSNG0215.json,8,There are 7 guest houses in the same price range . Archway house and Arbury Guest House are on the same road. Would you like me to book one?,Yes please book it for me.,adesanym,initial,,CONFIRM_ACCEPT,Ambiguous mixed intent; selected CONFIRM_ACCEPT via tie break order. Also considered: REQUEST.,adesanym_annotation.xlsx
mw22_SSNG0195.json_8,SSNG0195.json,8,Yes sure I got you into Da Vinci Pizzeria and your reference number is IQA12P3U .,Thank you so much that is all I need.,adesanym,initial,,SOCIAL,,adesanym_annotation.xlsx
mw22_MUL2059.json_10,MUL2059.json,10,Yes this hotel fits both those criteria. Would you like me to book it for you?,"That won't be necessary, I will just need their address and phone number please.",adesanym,initial,,REQUEST,,adesanym_annotation.xlsx
mw22_MUL0113.json_8,MUL0113.json,8,"Yes, it's an expensive hotel.",Can you book a room for 2 people for 2 nights starting on Sunday?,adesanym,initial,,REQUEST,,adesanym_annotation.xlsx
mw22_PMUL1647.json_16,PMUL1647.json,16,Train TR2257 has been booked for 5 seats. Your reference number is E720WBAI . Can I assist you with anything else today?,no thanks that's all,adesanym,initial,,SOCIAL,,adesanym_annotation.xlsx
mw22_PMUL0754.json_10,PMUL0754.json,10,There are trains every hour starting at 05:40. Travel time is 163 minutes. Is there a time you want to depart or arrive by? How many people are traveling?,"I's like to depart after 16:15. I just need information, not a booking.",adesanym,initial,,CONFIRM_ACCEPT,Ambiguous mixed intent; selected CONFIRM_ACCEPT via tie break order. Also considered: INFORM_CONSTRAINT.,adesanym_annotation.xlsx
mw22_PMUL1221.json_10,PMUL1221.json,10,I have the club salsa at 1 station road.,Thanks! what is the entrance fee?,adesanym,initial,,REQUEST,Ambiguous mixed intent; selected REQUEST via tie break order. Also considered: SOCIAL.,adesanym_annotation.xlsx
mw22_SNG1371.json_4,SNG1371.json,4,I'm sorry. I didn't find any matches.,"Darn, alright. Can we search chinese instead then please?",adesanym,initial,,CORRECT_CLARIFY,"Ambiguous mixed intent; selected CORRECT_CLARIFY via tie break order. Also considered: REQUEST, SOCIAL.",adesanym_annotation.xlsx
mw22_PMUL0336.json_10,PMUL0336.json,10,"Okay, and how many people will the restaurant reservation be for?",Please reserve for 8 people.,adesanym,initial,,REQUEST,Ambiguous mixed intent; selected REQUEST via tie break order. Also considered: INFORM_CONSTRAINT.,adesanym_annotation.xlsx
mw22_MUL2090.json_4,MUL2090.json,4,"Yes, on, Holiday inn Exlpress, Cambridge, shall I book it?","yes, please. For 6 people for 3 nights starting on friday.",adesanym,initial,,CONFIRM_ACCEPT,Ambiguous mixed intent; selected CONFIRM_ACCEPT via tie break order. Also considered: INFORM_CONSTRAINT.,adesanym_annotation.xlsx
mw22_PMUL4871.json_10,PMUL4871.json,10,01223277977 is the phone number. cb30lx is the postcode. Can I help you with anything else?,"No, that will be all. Thank you for your help!",adesanym,initial,,SOCIAL,,adesanym_annotation.xlsx
mw22_SNG01480.json_4,SNG01480.json,4,"Ok, I have a white honda for you with the contact number 07758153394. Anything else?",That is all I needed thank you.,adesanym,initial,,SOCIAL,,adesanym_annotation.xlsx
mw22_MUL2199.json_18,MUL2199.json,18,"I'm sorry, the attractions segment on my computer system seems to be down at the moment. Can I perhaps help with something else?","That is alright. Actually, that should be all I need today. Thank you for your help. Goodbye.",adesanym,initial,,CORRECT_CLARIFY,Ambiguous mixed intent; selected CORRECT_CLARIFY via tie break order. Also considered: SOCIAL.,adesanym_annotation.xlsx
mw22_MUL1683.json_6,MUL1683.json,6,"No, actually they are located in the south. Did you want me to check for what is available in the centre instead?",Yes please. I would like something in the expensive price range.,adesanym,initial,,CONFIRM_ACCEPT,Ambiguous mixed intent; selected CONFIRM_ACCEPT via tie break order. Also considered: REQUEST.,adesanym_annotation.xlsx
mw22_MUL0844.json_2,MUL0844.json,2,There are 5 architecture based attractions in Cambridge. All in the centre of town. Would you prefer a church or a school?,Any church will be fine. Can you give me the phone number of one?,adesanym,initial,,REQUEST,,adesanym_annotation.xlsx
mw22_PMUL2579.json_2,PMUL2579.json,2,"There are a number of attractions on the west side. Are you interested in colleges, entertainment or museums?","I don't really have a preference, so which one do you think is best?",adesanym,initial,,REQUEST,Ambiguous mixed intent; selected REQUEST via tie break order. Also considered: SOCIAL.,adesanym_annotation.xlsx
mw22_MUL0702.json_8,MUL0702.json,8,Your travel time is 60 minutes. Is there anything else that I can do for you?,I'm also looking for a particular hotel - hobsons house. Can you help me with this?,adesanym,initial,,REQUEST,Ambiguous mixed intent; selected REQUEST via tie break order. Also considered: CONFIRM_ACCEPT.,adesanym_annotation.xlsx
mw22_MUL0041.json_6,MUL0041.json,6,"We have 3 that satisfy that criteria. A and B guest house, Carolina Bed and Breakfast, and Warkworth House all fit. Do you have a preference?",Carolina Bed and Breakfast sounds nice. Could I have it booked for 6 people for 4 nights starting on monday?,adesanym,initial,,REQUEST,Ambiguous mixed intent; selected REQUEST via tie break order. Also considered: INFORM_CONSTRAINT.,adesanym_annotation.xlsx
mw22_MUL1458.json_4,MUL1458.json,4,How many tickets would you like?,I will need 6 tickets.,adesanym,initial,,CORRECT_CLARIFY,Ambiguous mixed intent; selected CORRECT_CLARIFY via tie break order. Also considered: INFORM_CONSTRAINT.,adesanym_annotation.xlsx
mw22_PMUL4574.json_14,PMUL4574.json,14,you are welcome all the time,okay goodbye,adesanym,initial,,SOCIAL,,adesanym_annotation.xlsx
mw22_MUL0961.json_2,MUL0961.json,2,"Of course. There are 5 restaurants in the south that are expensive. 2 Chinese, 2 Indian and 1 Mexican. Do you have a preference?",Don't you have one that serves south african food?,adesanym,initial,,REQUEST,Ambiguous mixed intent; selected REQUEST via tie break order. Also considered: INFORM_CONSTRAINT.,adesanym_annotation.xlsx
mw22_PMUL3665.json_14,PMUL3665.json,14,Your reference number is 7LTOLNV4 . The total fee of 600.79 is payable at the station.,"Thanks for your help, that's all I need today!",adesanym,initial,,SOCIAL,,adesanym_annotation.xlsx
mw22_SNG0602.json_6,SNG0602.json,6,"Yes, I would recommend the Peking Restaurant, located at 10 Homerton Street City Centre. Could I reserve a table for you?",Sounds great. Make a reservation for 4 on Friday at 11:00.,adesanym,initial,,CONFIRM_ACCEPT,Ambiguous mixed intent; selected CONFIRM_ACCEPT via tie break order. Also considered: INFORM_CONSTRAINT.,adesanym_annotation.xlsx
mw22_MUL2079.json_2,MUL2079.json,2,I have about 10 different options. Do you prefer a hotel or guesthouse?,It doesn't matter. I need free parking and prefer a place with 4 stars.,adesanym,initial,,INFORM_CONSTRAINT,,adesanym_annotation.xlsx
mw22_MUL1033.json_18,MUL1033.json,18,I have booked your taxi and your contact number is 07276055179. Be on the lookout for a white honda.,Great. Thank you very much for your help today. That is all.,adesanym,initial,,SOCIAL,,adesanym_annotation.xlsx
mw22_PMUL1737.json_8,PMUL1737.json,8,Gonville Hotel is an expensive 3 star hotel in the centre of town with free internet and parking. Would you like more information or to book it?,I'd like to book it. Can you book it starting Sunday night for 5 nights. I need reservations for 6 people.,adesanym,initial,,CONFIRM_ACCEPT,Ambiguous mixed intent; selected CONFIRM_ACCEPT via tie break order. Also considered: INFORM_CONSTRAINT.,adesanym_annotation.xlsx
mw22_PMUL0518.json_6,PMUL0518.json,6,The reference number is: J97BBMWN .,I would also like a train leaving from Cambridge.,adesanym,initial,,CORRECT_CLARIFY,Ambiguous mixed intent; selected CORRECT_CLARIFY via tie break order. Also considered: CONFIRM_ACCEPT.,adesanym_annotation.xlsx
mw22_MUL1077.json_6,MUL1077.json,6,"I'm sorry, an entrance fee is not provided. Would you like to book a stay at Bridge Guest House?","Yes, I would like to book a stay for 1 person, starting Monday and for 5 nights.",adesanym,initial,,CONFIRM_ACCEPT,Ambiguous mixed intent; selected CONFIRM_ACCEPT via tie break order. Also considered: INFORM_CONSTRAINT.,adesanym_annotation.xlsx
mw22_MUL0891.json_12,MUL0891.json,12,"gourmet burger kitchen, in the centre is located at Regent Street City Centre","I need to book a taxi to commute between the museum and the restaurant, leaving the museum by 14:30.",adesanym,initial,,CONFIRM_ACCEPT,"Ambiguous mixed intent; selected CONFIRM_ACCEPT via tie break order. Also considered: REQUEST, INFORM_CONSTRAINT.",adesanym_annotation.xlsx
mw22_PMUL0801.json_4,PMUL0801.json,4,I have several. Is there an area of town you prefer?,"No it doesn't matter, what do you recommend?",adesanym,initial,,REQUEST,,adesanym_annotation.xlsx
mw22_PMUL0154.json_2,PMUL0154.json,2,i got a long list. it will help if you knew the king of food you want,Well I want a hotel not food.,adesanym,initial,,CORRECT_CLARIFY,Ambiguous mixed intent; selected CORRECT_CLARIFY via tie break order. Also considered: CONFIRM_ACCEPT.,adesanym_annotation.xlsx
mw22_PMUL3818.json_10,PMUL3818.json,10,It is a chinese restaurant in the north part of town located at 66 Chesterton Road Chesterton,Can you please book me a table at the restaurant for 2 people?,adesanym,initial,,REQUEST,,adesanym_annotation.xlsx
mw22_PMUL2275.json_6,PMUL2275.json,6,The four choices range from moderate to expensive in their price range. Do you have a preference?,How about an expensive one. What are my choices in that range?,adesanym,initial,,REQUEST,,adesanym_annotation.xlsx
mw22_PMUL3460.json_14,PMUL3460.json,14,Is there anything else I can help you with?,No that is it. Thank you so much.,adesanym,initial,,SOCIAL,,adesanym_annotation.xlsx
mw22_MUL1021.json_6,MUL1021.json,6,Would the Ashley Hotel be okay? They are a moderately priced hotel that is located in the north.,"Actually, can you find me one that offers free wifi and parking that has a 2-star rating? I prefer the north area still.",adesanym,initial,,CORRECT_CLARIFY,"Ambiguous mixed intent; selected CORRECT_CLARIFY via tie break order. Also considered: REQUEST, INFORM_CONSTRAINT.",adesanym_annotation.xlsx
mw22_PMUL1485.json_10,PMUL1485.json,10,"There are many attractions to choose from. To help narrow the results down, are you interested in architecture, colleges, theatres, museums, or parks?",I would like to go to a cinema in the area you recommend please.,adesanym,initial,,REQUEST,,adesanym_annotation.xlsx
mw22_SNG1250.json_4,SNG1250.json,4,When would you like to arrive in Cambridge on Monday?,I really just need to leave after 15:45. The arrival time doesn't really matter.,adesanym,initial,,INFORM_CONSTRAINT,,adesanym_annotation.xlsx
mw22_SSNG0198.json_2,SSNG0198.json,2,I show 3. they are in the expensive price range. 2 are in the centre and 1 is in the east. May I book a table for you?,"Yes, can you find out if any of them have an opening at 11:45 on Wednesday for 6 people?",adesanym,initial,,REQUEST,,adesanym_annotation.xlsx
mw22_PMUL1765.json_8,PMUL1765.json,8,The apha-milton guesthouse is in the moderate price range. It does not have internet. would you like me to book a room,yes and I need a confirmation number,adesanym,initial,,CONFIRM_ACCEPT,,adesanym_annotation.xlsx
mw22_PMUL2347.json_12,PMUL2347.json,12,"The Broughton House Gallery is a museum in the centre, free entrance, and the address is 98 King St. Anything else I can help you with?",do they have enough parking?,adesanym,initial,,REQUEST,,adesanym_annotation.xlsx
mw22_SNG0712.json_4,SNG0712.json,4,"I have two in the centre, the Backstreet bistro and The Slug and Lettuce. Would you like for me to make you a reservation?",Could you give me the address and phone number for the Slug and Lettuce please.,adesanym,initial,,REQUEST,,adesanym_annotation.xlsx
mw22_PMUL0048.json_6,PMUL0048.json,6,I found three Chinese restaurants that meet your requests. Would you like for me to book a table at one of them?,"Yes, what are my three choices before we make a reservation?",adesanym,initial,,CONFIRM_ACCEPT,Ambiguous mixed intent; selected CONFIRM_ACCEPT via tie break order. Also considered: REQUEST.,adesanym_annotation.xlsx
mw22_PMUL0631.json_4,PMUL0631.json,4,"The phone number is 01223301761. How many people would you like to make a reservation for, and what day and time were you looking at?","No reservation necessary, just let me know what area of town its in and I'll do the rest.",adesanym,initial,,INFORM_CONSTRAINT,,adesanym_annotation.xlsx
mw22_MUL0188.json_18,MUL0188.json,18,"Great! I have a table for 6 people at 11:30 onSundar at Tandoori Palace, Reference Number 3BMGPAN3 . Is there anything else I can do for you?","No thank you, that is all I needed!",adesanym,initial,,SOCIAL,,adesanym_annotation.xlsx
mw22_PMUL2653.json_12,PMUL2653.json,12,"Your booking was successful, your reference number is GOL43A42 . What else can I help you with today?","I also need a taxi between the two places that leaves the hotel by 17:15, please.",adesanym,initial,,REQUEST,Ambiguous mixed intent; selected REQUEST via tie break order. Also considered: INFORM_CONSTRAINT.,adesanym_annotation.xlsx
mw22_SNG01457.json_4,SNG01457.json,4,"Alright, you're all set. A grey skoda will pick you up. The contact number is 07629344637. Can I help you with anything else?","No, that's all. thank you!",adesanym,initial,,SOCIAL,,adesanym_annotation.xlsx
mw22_PMUL3515.json_2,PMUL3515.json,2,Of course! What day would you like to leave and what time would you like to arrive?,I am looking to arrive by 17:15 on tuesday.,adesanym,initial,,CONFIRM_ACCEPT,Ambiguous mixed intent; selected CONFIRM_ACCEPT via tie break order. Also considered: INFORM_CONSTRAINT.,adesanym_annotation.xlsx
mw22_PMUL3384.json_10,PMUL3384.json,10,"I don't have a map, but the address is 265 Milton Rd. Their phone number is 01223425478.","OK, that's all that I need. Thank you for being so helpful!",adesanym,initial,,SOCIAL,,adesanym_annotation.xlsx
mw22_PMUL3814.json_2,PMUL3814.json,2,There are 21 guesthouses offering free wifi. Do you have a price range?,It should be cheap and include free parking.,adesanym,initial,,INFORM_CONSTRAINT,,adesanym_annotation.xlsx
mw22_PMUL2750.json_14,PMUL2750.json,14,"OKay, we have the gonville hotel in the centre and the lensfield hotel in the south.","Thanks, I just searched online for it, looks great, please book me for 8 people, 3 nights starting Tuesday.",adesanym,initial,,CONFIRM_ACCEPT,Ambiguous mixed intent; selected CONFIRM_ACCEPT via tie break order. Also considered: INFORM_CONSTRAINT.,adesanym_annotation.xlsx
mw22_PMUL1040.json_2,PMUL1040.json,2,The Place is a nightclub in the South. Would you like their phone number or address?,"Yes. I want the address, postcode and phone number.",adesanym,initial,,CONFIRM_ACCEPT,,adesanym_annotation.xlsx
mw22_MUL1044.json_14,MUL1044.json,14,Is there anything else I can help you with?,"No, that was everything I needed. Thank You!",adesanym,initial,,SOCIAL,,adesanym_annotation.xlsx
mw22_PMUL2228.json_16,PMUL2228.json,16,Sure. What day would you like to go?,The same day.,adesanym,initial,,CORRECT_CLARIFY,Ambiguous mixed intent; selected CORRECT_CLARIFY via tie break order. Also considered: CONFIRM_ACCEPT.,adesanym_annotation.xlsx
mw22_MUL0044.json_10,MUL0044.json,10,"Before we make your restaurant reservation, let's take care of the hotel. What day are you arriving, how many nights are you staying, and how many people?",It's just me. I am arriving Sunday and staying one night. Can you provide the phone number for the restaurant?,adesanym,initial,,REQUEST,Ambiguous mixed intent; selected REQUEST via tie break order. Also considered: INFORM_CONSTRAINT.,adesanym_annotation.xlsx
mw22_WOZ20548.json_6,WOZ20548.json,6,Their phone number is 01223 355166.,ok thank you good bye,adesanym,initial,,SOCIAL,,adesanym_annotation.xlsx
mw22_MUL1235.json_2,MUL1235.json,2,"There are 22 results for Indian restaurants, do you have a particular price range in mind, or area you'd like to dine in?",How about a cheap indian restaurant located in the north please.,adesanym,initial,,REQUEST,Ambiguous mixed intent; selected REQUEST via tie break order. Also considered: INFORM_CONSTRAINT.,adesanym_annotation.xlsx
mw22_MUL0939.json_2,MUL0939.json,2,I can help you with that. There are over 100 restaurants in Cambridge. Are you in the mood for a particular food? Or would you like a certain area?,"Yes, I would like an expensive restaurant that serves Indian food.",adesanym,initial,,CONFIRM_ACCEPT,Ambiguous mixed intent; selected CONFIRM_ACCEPT via tie break order. Also considered: INFORM_CONSTRAINT.,adesanym_annotation.xlsx
mw22_PMUL0793.json_6,PMUL0793.json,6,"Great. The TR2557 arrives by 12:55, so I have booked it for 6 people. Your reference number is X56LPMKM . Is there anything else I can help you with today?",I am also looking for a expensive restaurant that serves south african food.,adesanym,initial,,CONFIRM_ACCEPT,Ambiguous mixed intent; selected CONFIRM_ACCEPT via tie break order. Also considered: INFORM_CONSTRAINT.,adesanym_annotation.xlsx
mw22_MUL0014.json_4,MUL0014.json,4,The Lensfield Hotel is the only expensive hotel in the south area. Would you like any more information on this location?,That is perfect can you book that for me please.,adesanym,initial,,CONFIRM_ACCEPT,"Ambiguous mixed intent; selected CONFIRM_ACCEPT via tie break order. Also considered: REQUEST, INFORM_CONSTRAINT.",adesanym_annotation.xlsx
mw22_MUL1915.json_2,MUL1915.json,2,Sure what is the departure site?,I will be leaving from Cambridge.,adesanym,initial,,CORRECT_CLARIFY,Ambiguous mixed intent; selected CORRECT_CLARIFY via tie break order. Also considered: CONFIRM_ACCEPT.,adesanym_annotation.xlsx
mw22_SNG02095.json_2,SNG02095.json,2,I can help with that! What time do you need to leave or arrive by?,I need to leave after 17:00.,adesanym,initial,,INFORM_CONSTRAINT,,adesanym_annotation.xlsx
mw22_PMUL2886.json_8,PMUL2886.json,8,There are no nightclubs in the west. Another type or place perhaps?,"Well, could you look for a college?",adesanym,initial,,REQUEST,,adesanym_annotation.xlsx
mw22_MUL1465.json_10,MUL1465.json,10,That train leaves Cambridge at 14:34.,"Thank you, I appreciate it. I also need some help finding an African restaurant.",adesanym,initial,,REQUEST,Ambiguous mixed intent; selected REQUEST via tie break order. Also considered: SOCIAL.,adesanym_annotation.xlsx
mw22_MUL2614.json_6,MUL2614.json,6,The Alexander bed and breakfast is a 4 star guesthouse at 56 saint barnabas road in the centre.,Thanks! I'm also looking for an architecture type place in the west. Can you help me?,adesanym,initial,,REQUEST,Ambiguous mixed intent; selected REQUEST via tie break order. Also considered: SOCIAL.,adesanym_annotation.xlsx
mw22_MUL0011.json_24,MUL0011.json,24,"Wonderful, your taxi is booked. It will be a yellow ford and the contact number is 07822741112. Is there anything else I can help you with?",That's it thanks!,adesanym,initial,,SOCIAL,,adesanym_annotation.xlsx
mw22_MUL0407.json_10,MUL0407.json,10,The train ID is TR8364. How many tickets do you need?,"Just one ticket, please.",adesanym,initial,,REQUEST,,adesanym_annotation.xlsx
mw22_PMUL4062.json_16,PMUL4062.json,16,"I was able to book it, reference number is 4IOG1MD6 .","Great. I was also interested in getting a taxi, can you help me with that?",adesanym,initial,,REQUEST,,adesanym_annotation.xlsx
mw22_PMUL0595.json_8,PMUL0595.json,8,"What day would you like your train to leave? Also what time, and where will you be departing from?",i want to leave on monday and arrive by 8,adesanym,initial,,INFORM_CONSTRAINT,,adesanym_annotation.xlsx
mw22_MUL0526.json_8,MUL0526.json,8,"There are 404 trains that day, what destinations do you need?","I am looking to depart cambridge, head to ely, and arrive by 18:30",adesanym,initial,,CONFIRM_ACCEPT,Ambiguous mixed intent; selected CONFIRM_ACCEPT via tie break order. Also considered: INFORM_CONSTRAINT.,adesanym_annotation.xlsx
mw22_MUL1765.json_10,MUL1765.json,10,I have 11 different museums. Might I suggest the Primavera. It just began displaying a new set of exhibits. Would you like more info on it?,"I need the phone number, postcode, and address.",adesanym,initial,,REQUEST,,adesanym_annotation.xlsx
mw22_MUL1141.json_2,MUL1141.json,2,"Certainly. The Cambridge Belfry is located on the westside, address is back lane, cambourne, postcode cb236bw. The phone number is 01954714600. do you need more information?",Can I get the price range for the restaurant?,adesanym,initial,,REQUEST,,adesanym_annotation.xlsx
mw22_PMUL3698.json_2,PMUL3698.json,2,"There's a lot to do in the south. There's a cinema, entertainment, museum, nightclub, park, and theatre. What sounds good to you?",Maybe we can do a picnic in the park. Can you tell me about what's available?,adesanym,initial,,REQUEST,,adesanym_annotation.xlsx
mw22_PMUL2062.json_8,PMUL2062.json,8,The Yu Garden has fabulous food. Can I book a table there for you?,"I'm sorry, could I get the postcode to Cambridge Artworks?",adesanym,initial,,REQUEST,,adesanym_annotation.xlsx
mw22_SNG01332.json_2,SNG01332.json,2,Where would you like to go to?,I need to get to restaurant two two,adesanym,initial,,CORRECT_CLARIFY,Ambiguous mixed intent; selected CORRECT_CLARIFY via tie break order. Also considered: CONFIRM_ACCEPT.,adesanym_annotation.xlsx
mw22_MUL2469.json_6,MUL2469.json,6,Little Seoul is on 108 Regent Street City Centre. Would you like a reservation?,No thank you. Can you provide me with their phone number?,adesanym,initial,,REQUEST,,adesanym_annotation.xlsx
mw22_PMUL1359.json_10,PMUL1359.json,10,What about a museum? The regency gallery is amazing and it's free!,Sounds good. Can I get the phone number and postcode?,adesanym,initial,,REQUEST,Ambiguous mixed intent; selected REQUEST via tie break order. Also considered: CONFIRM_ACCEPT.,adesanym_annotation.xlsx
mw22_MUL1478.json_10,MUL1478.json,10,"Sure, I can book you on TR0162 arriving by 7:56. Will this be a reservation for 1 also?","Yes, this will be for one person only. Thank you very much",adesanym,initial,,SOCIAL,,adesanym_annotation.xlsx
mw22_SNG0997.json_4,SNG0997.json,4,The Aylesbray Lodge Guesthouse and The Bridge Guesthouse are in the south area with a moderate price range and both have free wifi. Can I book one of these for you?,"Yes, please. Either one sounds perfect!",adesanym,initial,,CONFIRM_ACCEPT,Ambiguous mixed intent; selected CONFIRM_ACCEPT via tie break order. Also considered: REQUEST.,adesanym_annotation.xlsx
mw22_SSNG0301.json_8,SSNG0301.json,8,I booked for you a room at arbury lodge guesthouse. It has parking slots and free wifi. Do you need anything else?,I need a reference number for that booking!,adesanym,initial,,CONFIRM_ACCEPT,"Ambiguous mixed intent; selected CONFIRM_ACCEPT via tie break order. Also considered: REQUEST, INFORM_CONSTRAINT.",adesanym_annotation.xlsx
mw22_PMUL4784.json_2,PMUL4784.json,2,"There are four to choose from. Do you prefer the north, south, or west?",Any area is fine I just need info for anyplace where a booking is available.,adesanym,initial,,CONFIRM_ACCEPT,"Ambiguous mixed intent; selected CONFIRM_ACCEPT via tie break order. Also considered: REQUEST, INFORM_CONSTRAINT.",adesanym_annotation.xlsx
mw22_WOZ20250.json_4,WOZ20250.json,4,Little Seoul is a korean restaurant in the centre of town. Would you like their phone number?,"Yes, and their address.",adesanym,initial,,CONFIRM_ACCEPT,,adesanym_annotation.xlsx
mw22_MUL0435.json_10,MUL0435.json,10,There is a train leaving at 5:06 and arriving at 05:56 for 13.20 pounds. Would you like me to book this for you?,Yes please book it for 8 people and give me the reference number,adesanym,initial,,CONFIRM_ACCEPT,Ambiguous mixed intent; selected CONFIRM_ACCEPT via tie break order. Also considered: INFORM_CONSTRAINT.,adesanym_annotation.xlsx
mw22_PMUL0925.json_12,PMUL0925.json,12,Done! Your table will be reserved for 15 minutes. The reference number is YKX6V4O8 . Can I help you with anything else?,Thanks. I also need train information for Wednesday with an arrival by 16:15.,adesanym,initial,,INFORM_CONSTRAINT,Ambiguous mixed intent; selected INFORM_CONSTRAINT via tie break order. Also considered: SOCIAL.,adesanym_annotation.xlsx
mw22_MUL1216.json_4,MUL1216.json,4,Chiquito Restaurant Bar fits that criteria. Would you like to make a reservation?,"Yes, please. 7 people at 18:30 on tuesday.",adesanym,initial,,CONFIRM_ACCEPT,Ambiguous mixed intent; selected CONFIRM_ACCEPT via tie break order. Also considered: INFORM_CONSTRAINT.,adesanym_annotation.xlsx
mw22_PMUL4307.json_2,PMUL4307.json,2,we got 11. do you have any rating preference?,I would like a guesthouse with free parking and a 4 star rating.,adesanym,initial,,INFORM_CONSTRAINT,,adesanym_annotation.xlsx
mw22_PMUL4996.json_14,PMUL4996.json,14,The travel time is 51 minutes.,What time does it depart?,adesanym,initial,,REQUEST,Ambiguous mixed intent; selected REQUEST via tie break order. Also considered: INFORM_CONSTRAINT.,adesanym_annotation.xlsx
mw22_PMUL3537.json_22,PMUL3537.json,22,"I booked you at alexander bed and breakfast, your confirmation # is PJ2XG4CP . Anything else?",Thank you very much. that should be all.,adesanym,initial,,SOCIAL,,adesanym_annotation.xlsx
mw22_MUL2030.json_12,MUL2030.json,12,The post code of the alpha-milton guest house is cb41xa. Is there anything else I can assist you with today?,"No, I believe that is everything. Thank you.",adesanym,initial,,SOCIAL,,adesanym_annotation.xlsx
mw22_MUL0061.json_6,MUL0061.json,6,Yes I found five restaurants in the west four in the expensive range and one in the moderate price range.,"Can you give me the address, price range, and phone number of the best one?",adesanym,initial,,REQUEST,,adesanym_annotation.xlsx
mw22_PMUL2253.json_8,PMUL2253.json,8,"I regret to inform you: there are sports attractions nearby of any kind, sorry.",Are there any museums nearby?,adesanym,initial,,REQUEST,,adesanym_annotation.xlsx
mw22_MUL1484.json_4,MUL1484.json,4,"I'm sorry, there are no spots available on that day and time. Is there another time or day you would like perhaps?",Well I'm also looking for a train. Can you coordinate a time with a departure from cambride on sunday?,adesanym,initial,,REQUEST,Ambiguous mixed intent; selected REQUEST via tie break order. Also considered: CONFIRM_ACCEPT.,adesanym_annotation.xlsx
mw22_PMUL0729.json_8,PMUL0729.json,8,I think you'll be most happy with TR5870. It arrives in Cambridge at 8:43. Would you like me to book this for you?,"No thank you, not at this time. Could you tell me the price?",adesanym,initial,,REQUEST,Ambiguous mixed intent; selected REQUEST via tie break order. Also considered: CORRECT_CLARIFY.,adesanym_annotation.xlsx
mw22_PMUL0169.json_20,PMUL0169.json,20,"Okay, you got it! The reference number for your reservation is 96EQ4JSI",Thank you! That is all I need.,adesanym,initial,,SOCIAL,,adesanym_annotation.xlsx
mw22_SNG1008.json_4,SNG1008.json,4,"Your booking was successful, reference number is 8T4AJ6P9, 1 person for 5 nights starting Tuesday at the El Shaddai. Can I help you with anything else?","Nope, that'll do it. Thanks for your help!",adesanym,initial,,SOCIAL,,adesanym_annotation.xlsx
mw22_PMUL4618.json_6,PMUL4618.json,6,"Ok, you're all set, the table will be reserved for 15 minutes and your reference number is : 48QP48K1 . Can I help you with anything else?",Thanks for handling the restaurant. I will have time to check out the town. Do you have multiple sports in the same area as the restaurant?,adesanym,initial,,REQUEST,"Ambiguous mixed intent; selected REQUEST via tie break order. Also considered: INFORM_CONSTRAINT, SOCIAL.",adesanym_annotation.xlsx
mw22_PMUL3111.json_10,PMUL3111.json,10,The express by holiday inn cambridge is a 2 star hotel in the east area that is expensive. It has wifi and parking. Would you like to make a reservation?,yes please. book it for 3 people and 3 nights starting from friday.,adesanym,initial,,CONFIRM_ACCEPT,Ambiguous mixed intent; selected CONFIRM_ACCEPT via tie break order. Also considered: INFORM_CONSTRAINT.,adesanym_annotation.xlsx
mw22_MUL0739.json_6,MUL0739.json,6,There are no cheap hotels available with 3 stars and free parking. Do you want to try a different price range?,What about cheap 4 star hotels?,adesanym,initial,,REQUEST,Ambiguous mixed intent; selected REQUEST via tie break order. Also considered: INFORM_CONSTRAINT.,adesanym_annotation.xlsx
mw22_SSNG0257.json_2,SSNG0257.json,2,There are two hotel and one guesthouse that match what you are looking for. Do you have a price range?,"Yes, I am looking in the expensive price range. Also, I would need free parking.",adesanym,initial,,CONFIRM_ACCEPT,Ambiguous mixed intent; selected CONFIRM_ACCEPT via tie break order. Also considered: INFORM_CONSTRAINT.,adesanym_annotation.xlsx
mw22_MUL1168.json_4,MUL1168.json,4,Absolutely. There is no entrance fee for the Broughton House Gallery and the postcode is cb11ln.,Thank you! Are there any guesthouses nearby?,adesanym,initial,,REQUEST,Ambiguous mixed intent; selected REQUEST via tie break order. Also considered: SOCIAL.,adesanym_annotation.xlsx
mw22_SNG1108.json_2,SNG1108.json,2,I'm afraid that we don't have that type of attraction in the centre of town. Perhaps somewhere else? or a different type of attraction?,"Sure, is there a nightclub in that part of town?",adesanym,initial,,CONFIRM_ACCEPT,Ambiguous mixed intent; selected CONFIRM_ACCEPT via tie break order. Also considered: REQUEST.,adesanym_annotation.xlsx
mw22_PMUL2211.json_12,PMUL2211.json,12,"Yes, I am happy to book you at Dojo. What time would you like to book and for how many people in the party?","Whenever is fine, just for me.",adesanym,initial,,REQUEST,,adesanym_annotation.xlsx
mw22_PMUL0640.json_16,PMUL0640.json,16,"There are several to choose from. There's Pizze Hut City Centre, Ask, and also Zizzi Cambridge. Does one of those sound good?",Can you pick one for me?,adesanym,initial,,REQUEST,,adesanym_annotation.xlsx
mw22_PMUL0409.json_10,PMUL0409.json,10,Booking was successful for sunday. Your reference number is U44ODKGT . Do you need help with anything else?,Are there any good cheap places to eat in the same area?,adesanym,initial,,REQUEST,Ambiguous mixed intent; selected REQUEST via tie break order. Also considered: INFORM_CONSTRAINT.,adesanym_annotation.xlsx
mw22_PMUL3175.json_12,PMUL3175.json,12,Both of the hotels have free parking.,Thank you. That's all I need.,adesanym,initial,,SOCIAL,,adesanym_annotation.xlsx
mw22_PMUL3101.json_10,PMUL3101.json,10,What day would you like to travel and when do you want to leave?,I would like to leave on Wednesday and the train should leave after 09:00.,adesanym,reannotation,dhiraajd,INFORM_CONSTRAINT,,adesanym_annotation.xlsx
mw22_SSNG0233.json_8,SSNG0233.json,8,Sorry no rooms available. How about another hotel?,Can you try another hotel in the same price range?,adesanym,reannotation,dhiraajd,REQUEST,,adesanym_annotation.xlsx
mw22_MUL1083.json_10,MUL1083.json,10,"The cherry hinton water play park is at cherry hinton hall, cherry hinton road, cb18dw, it is free to enter.Phone number 01223446100. Can I help you with anything else?",Yes I also need a taxi to commute between the two.,adesanym,reannotation,dhiraajd,CONFIRM_ACCEPT,,adesanym_annotation.xlsx
mw22_MUL1543.json_6,MUL1543.json,6,I'm sorry. That time is unavailable as well.,Can you help me find a train going to Stevenage and leaving Thursday instead?,adesanym,reannotation,dhiraajd,CORRECT_CLARIFY,Ambiguous mixed intent; selected CORRECT_CLARIFY via tie break order. Also considered: REQUEST.,adesanym_annotation.xlsx
mw22_PMUL2939.json_4,PMUL2939.json,4,It is located at 53-57 Lensfield Road.,Can I get the postal code for that hotel?,adesanym,reannotation,dhiraajd,REQUEST,,adesanym_annotation.xlsx
mw22_PMUL3955.json_4,PMUL3955.json,4,TR5517 will leave at 08:01 and arrive by 09:01. Would you like to book seats?,"That's leaving from Cambridge, right? If so, then yes, book me one seat, and give me the reference number, thanks!",adesanym,reannotation,dhiraajd,REQUEST,Ambiguous mixed intent; selected REQUEST via tie break order. Also considered: CONFIRM_ACCEPT.,adesanym_annotation.xlsx
mw22_PMUL0373.json_20,PMUL0373.json,20,"I booked you at cityroomz your confirmation number is MM913RGM, anything else today?","Please have a taxi take me from my hotel to the restaurant, arriving in time for my reservation. And give me the booking info",adesanym,reannotation,dhiraajd,CONFIRM_ACCEPT,Ambiguous mixed intent; selected CONFIRM_ACCEPT via tie break order. Also considered: REQUEST.,adesanym_annotation.xlsx
mw22_SNG1397.json_4,SNG1397.json,4,There are 5 located in the centre. Would you prefer one that is free?,Sure! Which one do you recommend?,adesanym,reannotation,dhiraajd,REQUEST,,adesanym_annotation.xlsx
mw22_MUL2397.json_12,MUL2397.json,12,How about Queen's College? It is on the west side of town. The phone number is 01223335511 and address is Silver Street.,Yes! I would also like to book a taxi.,adesanym,reannotation,dhiraajd,CONFIRM_ACCEPT,Ambiguous mixed intent; selected CONFIRM_ACCEPT via tie break order. Also considered: REQUEST.,adesanym_annotation.xlsx
mw22_MUL0280.json_14,MUL0280.json,14,You're quite welcome! Is there anything else I can help you with today?,"No, that'll be all. Thank you, again.",adesanym,reannotation,dhiraajd,SOCIAL,,adesanym_annotation.xlsx
mw22_PMUL0900.json_6,PMUL0900.json,6,It appears that the Curry Garden meets your needs! Would you like me to book that for you?,"Yes, please make reservations for 5 people at 16:45 on Monday.",adesanym,reannotation,dhiraajd,CONFIRM_ACCEPT,Ambiguous mixed intent; selected CONFIRM_ACCEPT via tie break order. Also considered: INFORM_CONSTRAINT.,adesanym_annotation.xlsx
mw22_PMUL2446.json_8,PMUL2446.json,8,"They is no phone information given, can I help with anything else?","Yes, i am looking for places to visit on the east side of town.",adesanym,reannotation,dhiraajd,CONFIRM_ACCEPT,Ambiguous mixed intent; selected CONFIRM_ACCEPT via tie break order. Also considered: INFORM_CONSTRAINT.,adesanym_annotation.xlsx
mw22_SSNG0174.json_2,SSNG0174.json,2,I have 33 restaurants that meet that criteria. Is there a certain type of food you are looking for?,I want one that serves light bites.,adesanym,reannotation,dhiraajd,CORRECT_CLARIFY,Ambiguous mixed intent; selected CORRECT_CLARIFY via tie break order. Also considered: CONFIRM_ACCEPT.,adesanym_annotation.xlsx
mw22_MUL2379.json_6,MUL2379.json,6,I'm sorry neither restaurant has an available table would you like to try another day or time?,Can you try another restaurant?,adesanym,reannotation,dhiraajd,REQUEST,,adesanym_annotation.xlsx
mw22_MUL1457.json_14,MUL1457.json,14,Do you need help with anything else?,"I'm good, thanks for your help!",adesanym,reannotation,dhiraajd,SOCIAL,,adesanym_annotation.xlsx
mw22_MUL2114.json_16,MUL2114.json,16,What day would you like to book the hotel and how long will your stay be?,On second thought I just wanted to find a hotel in the south area. Thanks so much for your help!,adesanym,reannotation,dhiraajd,CORRECT_CLARIFY,,adesanym_annotation.xlsx
mw22_MUL1128.json_12,MUL1128.json,12,Milton Country Park in north and it is free to use.,May I have the phone number for the park please?,adesanym,reannotation,dhiraajd,REQUEST,,adesanym_annotation.xlsx
mw22_PMUL2993.json_2,PMUL2993.json,2,it is located in the east and 2 star rated. has both internet and parking. it is expensive. you can reach them on 01223866800.its postal code is cb13Ih located in 15-17 norman way coldharms business park,"I want to book 3 nights there, please.",adesanym,reannotation,dhiraajd,CONFIRM_ACCEPT,"Ambiguous mixed intent; selected CONFIRM_ACCEPT via tie break order. Also considered: REQUEST, INFORM_CONSTRAINT.",adesanym_annotation.xlsx
mw22_PMUL0257.json_12,PMUL0257.json,12,"Sure, what type of restaurant are you looking for?",I need something moderately priced in the centre. What would you recommend?,adesanym,reannotation,dhiraajd,REQUEST,,adesanym_annotation.xlsx
mw22_PMUL4048.json_4,PMUL4048.json,4,"Cineworld Cinema in the south side is located at Cambridge Leisure Park, Clifton Way CB17DY and their phone number is 00872208000. Is there any other information I can get you?",What's the postcode and enterance fee?,adesanym,reannotation,dhiraajd,REQUEST,,adesanym_annotation.xlsx
mw22_SNG0947.json_2,SNG0947.json,2,I have 17 hotels in the moderate range that offer internet access. Do you have a particular part of town you wish to stay in?,I prefer the eastern part of town and something that is 4-star rated.,adesanym,reannotation,dhiraajd,INFORM_CONSTRAINT,Ambiguous mixed intent; selected INFORM_CONSTRAINT via tie break order. Also considered: SOCIAL.,adesanym_annotation.xlsx
mw22_MUL1112.json_2,MUL1112.json,2,OK. There are four different boats to choose from. What area of town were you thinking?,It doesn't really matter. Can you recommend one?,adesanym,reannotation,dhiraajd,REQUEST,,adesanym_annotation.xlsx
mw22_MUL0067.json_12,MUL0067.json,12,"Yes, I have found three restaurants matching your inquest.",I would like the one closest to the alexander bed and breakfast please.,adesanym,reannotation,dhiraajd,REQUEST,,adesanym_annotation.xlsx
mw22_PMUL1822.json_8,PMUL1822.json,8,"There are many places to stay, could you give me some preferences to find the best one for you?","Three stars, moderate price range.",adesanym,reannotation,dhiraajd,INFORM_CONSTRAINT,,adesanym_annotation.xlsx
mw22_SSNG0258.json_2,SSNG0258.json,2,"There are 32 hotels/guesthouses that offer free wifi, do you want to stay on a specific side of town, or a specific amenity you want?",I would like to be in the south and I prefer a guesthouse.,adesanym,reannotation,dhiraajd,CORRECT_CLARIFY,Ambiguous mixed intent; selected CORRECT_CLARIFY via tie break order. Also considered: CONFIRM_ACCEPT.,adesanym_annotation.xlsx
mw22_MUL1605.json_4,MUL1605.json,4,I have 4 modern european restaurants in the center of town. I recommend the Riverside Brasserie.,What is the postcode of that resturant?,adesanym,reannotation,dhiraajd,REQUEST,,adesanym_annotation.xlsx
mw22_MUL1248.json_6,MUL1248.json,6,"Yes, there are 3: bridge guest house, hamilton lodge, and hobsons house.",How about the bridge guest house for 5 people for 2 nights starting on tuesday?,adesanym,reannotation,dhiraajd,REQUEST,,adesanym_annotation.xlsx
mw22_MUL1643.json_14,MUL1643.json,14,What day and time would you like travel?,I would like to leave Wednesday after 20:00.,adesanym,reannotation,dhiraajd,INFORM_CONSTRAINT,,adesanym_annotation.xlsx
mw22_SNG0842.json_6,SNG0842.json,6,Rosa's bed and breakfast is a guesthouse in the south area that meets your preferences. Would you like me to make a reservation for you?,"Yes, that will work.",adesanym,reannotation,dhiraajd,CONFIRM_ACCEPT,,adesanym_annotation.xlsx
mw22_PMUL2222.json_8,PMUL2222.json,8,Booking was successful. The table will be reserved for 15 minutes.Reference number is : GW3LQPRE .,I also need the area and address of an attraction called Old Schools please.,adesanym,reannotation,dhiraajd,REQUEST,Ambiguous mixed intent; selected REQUEST via tie break order. Also considered: INFORM_CONSTRAINT.,adesanym_annotation.xlsx
mw22_PMUL2750.json_2,PMUL2750.json,2,There are lots of fun places in town. What would you like to do today?,It does not really matter can you suggest one?,adesanym,reannotation,dhiraajd,REQUEST,,adesanym_annotation.xlsx
mw22_PMUL4392.json_2,PMUL4392.json,2,Would you like to look into a hotel?,"uhm, no. that's your job, weirdo. also, i need a train.",adesanym,reannotation,dhiraajd,CORRECT_CLARIFY,Ambiguous mixed intent; selected CORRECT_CLARIFY via tie break order. Also considered: CONFIRM_ACCEPT.,adesanym_annotation.xlsx
mw22_PMUL1974.json_10,PMUL1974.json,10,How many tickets are you needing?,"I'm sorry, I just needed the train info. However, I need a place to stay in the North preferably with parking. Can you assist?",adesanym,reannotation,dhiraajd,REQUEST,,adesanym_annotation.xlsx
mw22_WOZ20545.json_4,WOZ20545.json,4,"I'm sorry, there are no restaurants listed serving Christmas food. Would you like to try a different kind of food?",How about british food?,adesanym,reannotation,dhiraajd,REQUEST,,adesanym_annotation.xlsx
mw22_PMUL0052.json_18,PMUL0052.json,18,Okay. I've booked a taxi for you. It'll be a yellow lexus and the contact number is 07801886354,Thank you. That is all I need.,adesanym,reannotation,dhiraajd,SOCIAL,,adesanym_annotation.xlsx
mw22_PMUL4625.json_4,PMUL4625.json,4,Castle Galleries is located in the centre of town and are free to enter.,"OK, that sounds great. I also need a train to get me to Cambridge.",adesanym,reannotation,dhiraajd,CONFIRM_ACCEPT,,adesanym_annotation.xlsx
mw22_MUL2113.json_2,MUL2113.json,2,"Certainly! First, can you confirm the day you are traveling and the destination you are traveling to?",I'll be going to Cambridge on Saturday.,adesanym,reannotation,dhiraajd,INFORM_CONSTRAINT,,adesanym_annotation.xlsx
mw22_PMUL1436.json_14,PMUL1436.json,14,Okay your train reference number is YXCN2XHO . Is there anything else you need?,"No that's all for today, thank you.",adesanym,reannotation,dhiraajd,SOCIAL,,adesanym_annotation.xlsx
mw22_MUL1372.json_8,MUL1372.json,8,Yes they do.,What is the star of the hotel?,adesanym,reannotation,dhiraajd,REQUEST,,adesanym_annotation.xlsx
mw22_PMUL3537.json_10,PMUL3537.json,10,What area would you like to be in?,"I don't know the city, so I don't really care about the location within town. Can you recommend an area?",adesanym,reannotation,dhiraajd,REQUEST,,adesanym_annotation.xlsx
mw22_PMUL1791.json_18,PMUL1791.json,18,There are two hotels that meet your needs. I highly suggest the Cambridge Belfry. Yes there is public transportation.,Let's go with that. What's the address?,adesanym,reannotation,dhiraajd,REQUEST,,adesanym_annotation.xlsx
mw22_MUL0447.json_4,MUL0447.json,4,There are 6 trains available. What time would you like to depart?,"Departure time doesn't matter, I just want to arrive by 17:00 Monday.",adesanym,reannotation,dhiraajd,INFORM_CONSTRAINT,,adesanym_annotation.xlsx
mw22_SNG01399.json_4,SNG01399.json,4,"Addenbrookes Hospital is on Hills Rd, Cambridge and Postcode CB20QQ. The phone for that unit is 01223274222. Anything else?",I think that will do it. Thanks for the information.,adesanym,reannotation,dhiraajd,SOCIAL,,adesanym_annotation.xlsx
mw22_PMUL2475.json_14,PMUL2475.json,14,Yes. Their phone number is 01223367755.,Great I also need a taxi that will leave the attraction by 16:15,adesanym,reannotation,dhiraajd,INFORM_CONSTRAINT,,adesanym_annotation.xlsx
mw22_MUL0200.json_4,MUL0200.json,4,"I'm sorry, but there are no restaurants that match your criteria. Would you care to broaden your search a bit?",What about Italian food?,adesanym,reannotation,dhiraajd,REQUEST,,adesanym_annotation.xlsx
mw22_MUL1180.json_4,MUL1180.json,4,"Yes, both Ashley Hotel and Lovell Lodge have two stars. They also both offer free internet and parking.",May I have the phone numbers for those hotels?,dhiraajd,initial,,REQUEST,,dhiraajd_annotation.xlsx
mw22_SSNG0026.json_6,SSNG0026.json,6,"In the centre we have Charlie Chan, Rice House, and Golden House that are all quite inexpensive. Would you like me to book a table at one of them?",Yes please. I need a table for 3 people at 18:00 on Thursday.,dhiraajd,initial,,CONFIRM_ACCEPT,,dhiraajd_annotation.xlsx
mw22_PMUL0123.json_18,PMUL0123.json,18,When would you like to leave by?,I would like to leave in time to arrive at the restaurant for my reservation at 11:30.,dhiraajd,initial,,INFORM_CONSTRAINT,,dhiraajd_annotation.xlsx
mw22_PMUL0396.json_12,PMUL0396.json,12,"Ok, I was able to change the booking. Your new reference number is: FLG9ZMC2 . Can I help with anything else?",i am also looking for a place to stay in the centre that offers free wifi.,dhiraajd,initial,,REQUEST,,dhiraajd_annotation.xlsx
mw22_SSNG0159.json_6,SSNG0159.json,6,I was able to book your party at Ask. Your reservation will hold for 15 minutes. Is there anything else I can help you with today?,Could I get the reference number please?,dhiraajd,initial,,REQUEST,,dhiraajd_annotation.xlsx
mw22_PMUL0460.json_8,PMUL0460.json,8,"I am sorry I have no cheap 4 star hotels, maybe a more realistic star rating?",Are you saying that there isn't even a cheap 4 star guesthouse on the east side? What kind of city is this?,dhiraajd,initial,,CORRECT_CLARIFY,,dhiraajd_annotation.xlsx
mw22_SNG02198.json_4,SNG02198.json,4,"Okay, you are booked. The car is a white audi and the contact number is 07213939140","That is all I need, thank you have a good one.",dhiraajd,initial,,SOCIAL,,dhiraajd_annotation.xlsx
mw22_PMUL4210.json_6,PMUL4210.json,6,"Okay, the booking was successful, the total fee is 94.4 GBP payable at the station . Your reference number is : AJTE5TLW. Is there anything else I can do for you?",I also need a cheap hotel.,dhiraajd,initial,,REQUEST,,dhiraajd_annotation.xlsx
mw22_PMUL2498.json_4,PMUL2498.json,4,"You can visit the Cambridge and County Folk Museum, it is located at 2-3 castle street and the admission price is 3.50 pounds.",thanks! can you help me find a restaurant in that area? I want to spend a lot of money,dhiraajd,initial,,REQUEST,,dhiraajd_annotation.xlsx
mw22_WOZ20474.json_10,WOZ20474.json,10,the address for saigon city is 169 High Street Chesterton Chesterton,Which part of town it is in ?,dhiraajd,initial,,REQUEST,,dhiraajd_annotation.xlsx
mw22_PMUL3783.json_4,PMUL3783.json,4,I have 5 trains leaving broxbourne heading towards cambridge. Do you have an arrival time?,"Yes, 19:30 like I said previously. I will need 2 tickets.",dhiraajd,initial,,CORRECT_CLARIFY,,dhiraajd_annotation.xlsx
mw22_PMUL1047.json_8,PMUL1047.json,8,There are quite a few options in the center. And most museums are free to enter.,What type of attraction is the Funk Fun House?,dhiraajd,initial,,REQUEST,,dhiraajd_annotation.xlsx
mw22_PMUL0970.json_14,PMUL0970.json,14,Ok great. The TR1242 will fit your needs. How many tickets would you like to book?,"No thank you, but could you let me know the length of travel and the price of the train tickets?",dhiraajd,initial,,REQUEST,,dhiraajd_annotation.xlsx
mw22_PMUL0257.json_12,PMUL0257.json,12,"Sure, what type of restaurant are you looking for?",I need something moderately priced in the centre. What would you recommend?,dhiraajd,initial,,REQUEST,,dhiraajd_annotation.xlsx
mw22_MUL0181.json_6,MUL0181.json,6,"The Warkworth House's contact number is 01223363682. The postcode for them is cb11ee. The other moderate priced is Carolina Bed and Breakfast, phone 01223247015 with postcode cb13nx. Anything else?",I am also looking for a restaurant. I prefer it to serve cuban food and i would like a moderate price range.,dhiraajd,initial,,REQUEST,,dhiraajd_annotation.xlsx
mw22_MUL0268.json_10,MUL0268.json,10,"Sorry, but they're all full at that time. Would you like to try a different time or perhaps another day?",Can we try for 15:30? I also need the reference number for the train booking.,dhiraajd,initial,,INFORM_CONSTRAINT,,dhiraajd_annotation.xlsx
mw22_PMUL0265.json_4,PMUL0265.json,4,There are several of those. Do you have a price range you are looking for?,I have no preference in price range.,dhiraajd,initial,,INFORM_CONSTRAINT,,dhiraajd_annotation.xlsx
mw22_MUL1674.json_8,MUL1674.json,8,"I have british, indian, or italian, what are you in the mood for?",Let's try italian food.,dhiraajd,initial,,INFORM_CONSTRAINT,,dhiraajd_annotation.xlsx
mw22_PMUL3731.json_2,PMUL3731.json,2,"Sure, there are two in the centre of town. I prefer Anatolia, located at 30 Bridge Street, City Centre.",I want to book a table for 3 people at 13:00 on wednesday will you do that ?,dhiraajd,initial,,REQUEST,,dhiraajd_annotation.xlsx
mw22_PMUL3343.json_2,PMUL3343.json,2,"Sure thing, here is the address 156 chesterton road",Thanks! Can you book a room for 5 people please? We'll be arriving on Monday and staying 5 nights.,dhiraajd,initial,,REQUEST,,dhiraajd_annotation.xlsx
mw22_MUL0319.json_2,MUL0319.json,2,"I have three restaurants that meet your criteria - Restaurant Alimentum, De Luca Cucina and Bar, and Riverside Brasserie. Would you like to book a table at one of these?","Sure, you can choose. As long it's in the moderate price range and serves modern European food, can you tell me what area it is in please?",dhiraajd,initial,,REQUEST,,dhiraajd_annotation.xlsx
mw22_MUL0614.json_6,MUL0614.json,6,TR8207 arrives at 21:06. Would you like to book this train now?,"No, I don't want to book it. Could I get the departure time, though?",dhiraajd,initial,,REQUEST,,dhiraajd_annotation.xlsx
mw22_SSNG0293.json_4,SSNG0293.json,4,I have the Archway House that is 4 stars. And is located in the north. Would you like me to try to book that?,"I'm sorry, I misspoke a moment ago. I need a hotel in the cheap range if you can find one.",dhiraajd,initial,,CORRECT_CLARIFY,,dhiraajd_annotation.xlsx
mw22_MUL1543.json_6,MUL1543.json,6,I'm sorry. That time is unavailable as well.,Can you help me find a train going to Stevenage and leaving Thursday instead?,dhiraajd,initial,,REQUEST,,dhiraajd_annotation.xlsx
mw22_WOZ20460.json_6,WOZ20460.json,6,Would you like something in the north or centre of town?,I don't care,dhiraajd,initial,,INFORM_CONSTRAINT,,dhiraajd_annotation.xlsx
mw22_PMUL3460.json_8,PMUL3460.json,8,the earliest arrives by 17.58,"Ok, I think that should be fine. Can you make a booking for me?",dhiraajd,initial,,CONFIRM_ACCEPT,,dhiraajd_annotation.xlsx
mw22_PMUL0073.json_14,PMUL0073.json,14,Do you have a preference of area or price range?,No any one will do. What ever you recommend. it should also have free parking.,dhiraajd,initial,,INFORM_CONSTRAINT,,dhiraajd_annotation.xlsx
mw22_PMUL3791.json_2,PMUL3791.json,2,There are 18 moderately priced places to stay. Is there an area you'd like to stay in?,"Yeah, I'd like to stay in the center of town. Oh and I'll need free wifi! Thanks.",dhiraajd,initial,,INFORM_CONSTRAINT,,dhiraajd_annotation.xlsx
mw22_PMUL0719.json_2,PMUL0719.json,2,I'm afraid I don't have any matches. Do you have any other food preferences?,I need something expensive in Centre and it really needs to serve Cuban food.,dhiraajd,initial,,REQUEST,,dhiraajd_annotation.xlsx
mw22_PMUL3955.json_4,PMUL3955.json,4,TR5517 will leave at 08:01 and arrive by 09:01. Would you like to book seats?,"That's leaving from Cambridge, right? If so, then yes, book me one seat, and give me the reference number, thanks!",dhiraajd,initial,,REQUEST,,dhiraajd_annotation.xlsx
mw22_MUL2102.json_10,MUL2102.json,10,There is an acorn guest house would you like me to book it.,Yes I would like to book that for the same day for 4 nights please starting from saturday.,dhiraajd,initial,,REQUEST,,dhiraajd_annotation.xlsx
mw22_PMUL3288.json_12,PMUL3288.json,12,How many will be at your table?,It will just be a table for one. Go ahead and book it,dhiraajd,initial,,CONFIRM_ACCEPT,,dhiraajd_annotation.xlsx
mw22_PMUL0052.json_18,PMUL0052.json,18,Okay. I've booked a taxi for you. It'll be a yellow lexus and the contact number is 07801886354,Thank you. That is all I need.,dhiraajd,initial,,SOCIAL,,dhiraajd_annotation.xlsx
mw22_PMUL0818.json_2,PMUL0818.json,2,What is your destination?,I want to arrive at London Kings Cross.,dhiraajd,initial,,INFORM_CONSTRAINT,,dhiraajd_annotation.xlsx
mw22_PMUL0059.json_12,PMUL0059.json,12,"Booking was successful, and it will be a red Toyota. Contact number is 07791600015. Is there anything else I can assist you with?",Thank you! That's all I needed help with today. Goodbye!,dhiraajd,initial,,SOCIAL,,dhiraajd_annotation.xlsx
mw22_MUL0671.json_16,MUL0671.json,16,"Your booking was successful, the reference number is WAEYAQ0M . May I assist you with anything else today?","No, that should be all for now. Thank you for the help!",dhiraajd,initial,,SOCIAL,,dhiraajd_annotation.xlsx
mw22_MUL2397.json_12,MUL2397.json,12,How about Queen's College? It is on the west side of town. The phone number is 01223335511 and address is Silver Street.,Yes! I would also like to book a taxi.,dhiraajd,initial,,REQUEST,,dhiraajd_annotation.xlsx
mw22_MUL1344.json_16,MUL1344.json,16,When would you like to leave?,An hour after I arrive at the restaurant sounds about right.,dhiraajd,initial,,INFORM_CONSTRAINT,,dhiraajd_annotation.xlsx
mw22_PMUL0962.json_10,PMUL0962.json,10,We can certainly book that for you. Would you like a reservation and a booking for the train?,Please book me a table for the restaurant and provide the reference number.,dhiraajd,initial,,REQUEST,,dhiraajd_annotation.xlsx
mw22_PMUL2174.json_10,PMUL2174.json,10,I have 4 restaurants that meet your criteria. Is there a certain area you are interested in?,"Yes, I would like to find one in the west.",dhiraajd,initial,,INFORM_CONSTRAINT,,dhiraajd_annotation.xlsx
mw22_PMUL1574.json_10,PMUL1574.json,10,We have many to choose from! Is there an area in town you want to stay in?,I'm not sure but it needs to have free wi-fi. Do you have some with those specifications?,dhiraajd,initial,,INFORM_CONSTRAINT,,dhiraajd_annotation.xlsx
mw22_PMUL1841.json_8,PMUL1841.json,8,"It costs 37.80 pounds. If that's acceptable to you, I'll go ahead and book it for you.","No, that won't be necessary. Can you also help me find a place to stay at?",dhiraajd,initial,,REQUEST,,dhiraajd_annotation.xlsx
mw22_PMUL3970.json_6,PMUL3970.json,6,"Yes, the guesthouses all provide free wifi and free parking. Would you like to a book a room at one?","No, but could you give me the postcode?",dhiraajd,initial,,REQUEST,,dhiraajd_annotation.xlsx
mw22_PMUL2939.json_4,PMUL2939.json,4,It is located at 53-57 Lensfield Road.,Can I get the postal code for that hotel?,dhiraajd,initial,,REQUEST,,dhiraajd_annotation.xlsx
mw22_MUL2139.json_12,MUL2139.json,12,"Booking was successful, the total fee is 75.09 GBP payable at the station . Reference number is : QRZK7Y5S .",Wow. You didn't even get the timeframe I am looking for. I can't leave until after 14:30.,dhiraajd,initial,,INFORM_CONSTRAINT,,dhiraajd_annotation.xlsx
mw22_PMUL4787.json_8,PMUL4787.json,8,I don't have information on events only attractions. Are you interested in visiting a college?,Yes please. I need the phone number of a college that you recommend.,dhiraajd,initial,,REQUEST,,dhiraajd_annotation.xlsx
mw22_PMUL1044.json_16,PMUL1044.json,16,"I have one boat attraction on the east, it is called camboats. The price is not listed, would you like the phone number?","Yes, the phone number would be great.",dhiraajd,initial,,REQUEST,,dhiraajd_annotation.xlsx
mw22_MUL1558.json_6,MUL1558.json,6,The post code for gourmet burger kitchen is cb21ab. Can I help you with anything else today?,"Yes I am looking for a train leaving Cambridge, arriving by 12:30 on Wednesday to Bishops Stortford.",dhiraajd,initial,,INFORM_CONSTRAINT,,dhiraajd_annotation.xlsx
mw22_SNG1188.json_6,SNG1188.json,6,"The address and postcode for Nusha are unit g6, cambridge leisure park, clifton road, cb17dy. There is no entrance fee information available.",Great! Thank you very much.,dhiraajd,initial,,SOCIAL,,dhiraajd_annotation.xlsx
mw22_PMUL4621.json_12,PMUL4621.json,12,Ok. Would you prefer a hotel or a guesthouse?,"Oh, a hotel, for sure.",dhiraajd,initial,,REQUEST,,dhiraajd_annotation.xlsx
mw22_PMUL2446.json_8,PMUL2446.json,8,"They is no phone information given, can I help with anything else?","Yes, i am looking for places to visit on the east side of town.",dhiraajd,initial,,REQUEST,,dhiraajd_annotation.xlsx
mw22_SNG02298.json_2,SNG02298.json,2,"I can book that for you, first I'll need to know where you'd like picked up at.",I would like to depart from London Kings Cross Train Station.,dhiraajd,initial,,INFORM_CONSTRAINT,,dhiraajd_annotation.xlsx
mw22_MUL1847.json_4,MUL1847.json,4,"I have just one park. It is Milton Country Park located in the north. They offer free admission. They are located at Milton Country Park, Milton. Their phone number is 01223420060.",Great! Thanks for the information!,dhiraajd,initial,,SOCIAL,,dhiraajd_annotation.xlsx
mw22_SNG1285.json_4,SNG1285.json,4,"I have a few places, do you have a price range in mind?",Can you please recommend one for me?,dhiraajd,initial,,REQUEST,,dhiraajd_annotation.xlsx
mw22_MUL2602.json_2,MUL2602.json,2,"Yes, we actually have over 79 attractions. Do you have a specific area of town or interest of attraction you are looking for?",Can you recommend me a nightclub where I can get jiggy with it?,dhiraajd,initial,,REQUEST,,dhiraajd_annotation.xlsx
mw22_PMUL0329.json_14,PMUL0329.json,14,"second time is a charm, you are booked for friday, the reference number is YJR4PW5V, any other questions?",No that is all. Thanks!,dhiraajd,initial,,SOCIAL,,dhiraajd_annotation.xlsx
mw22_SNG01555.json_2,SNG01555.json,2,"Sure, where are you departing from and what day?",I would like to leave Broxbourne on Tuesday.,dhiraajd,initial,,REQUEST,,dhiraajd_annotation.xlsx
mw22_MUL0263.json_12,MUL0263.json,12,"Yes, of course. How many tickets would you like booked?",I need 6 tickets.,dhiraajd,initial,,REQUEST,,dhiraajd_annotation.xlsx
mw22_MUL2252.json_2,MUL2252.json,2,Where are you departing from and what day are you traveling? This was I can narrow my search to better assist you.,Cambridge and I would like to leave Tuesday,dhiraajd,initial,,INFORM_CONSTRAINT,,dhiraajd_annotation.xlsx
mw22_MUL0549.json_10,MUL0549.json,10,"cambridge university botanic gardens has a 4 pound entrance fee, their address is bateman street, postcode cb21jf. Would you like to hear about another place?","No, that is all I needed. Thanks, and have a nice day.",dhiraajd,initial,,SOCIAL,,dhiraajd_annotation.xlsx
mw22_SNG0594.json_10,SNG0594.json,10,"No, could you try another day and time?",How about 17:15?,dhiraajd,initial,,INFORM_CONSTRAINT,,dhiraajd_annotation.xlsx
mw22_PMUL3195.json_16,PMUL3195.json,16,You are booked on Monday for 3 nights for one person. Reference number is: FZKBQY6I .,"Wonderful, thank you!",dhiraajd,initial,,SOCIAL,,dhiraajd_annotation.xlsx
mw22_PMUL4985.json_4,PMUL4985.json,4,It doesn't look like there are any Mexican restaurants in the centre at all. Would you like to try any other kind of restaurant?,Well let's try another type of food that is moderately priced. What do you suggest?,dhiraajd,initial,,INFORM_CONSTRAINT,,dhiraajd_annotation.xlsx
mw22_PMUL4654.json_4,PMUL4654.json,4,"Alright, the booking was successful, your reference number is: LT8DPU71 . Is there anything else I can do for you today?",Thanks for your help. Have a good day!,dhiraajd,initial,,SOCIAL,,dhiraajd_annotation.xlsx
mw22_MUL0086.json_6,MUL0086.json,6,"Yes, the booking has been completed.",I am also looking for a place to stay. Are there any 5 star hotels that include free parking?,dhiraajd,initial,,REQUEST,,dhiraajd_annotation.xlsx
mw22_SNG0947.json_2,SNG0947.json,2,I have 17 hotels in the moderate range that offer internet access. Do you have a particular part of town you wish to stay in?,I prefer the eastern part of town and something that is 4-star rated.,dhiraajd,initial,,INFORM_CONSTRAINT,,dhiraajd_annotation.xlsx
mw22_SSNG0074.json_6,SSNG0074.json,6,"Okay, I've booked you at the Oak Bistro with reference number ANAMHNOW . May I help with anything else?",No thank you. It's perfect. Thank you for your help.,dhiraajd,initial,,CONFIRM_ACCEPT,,dhiraajd_annotation.xlsx
mw22_PMUL1959.json_4,PMUL1959.json,4,How many tickets are you looking for?,i need tickets for three people.,dhiraajd,initial,,REQUEST,,dhiraajd_annotation.xlsx
mw22_MUL1773.json_8,MUL1773.json,8,There are 18 of them both free and with fees. Is there a specific area you'd prefer?,No preference. Would you recommend one?,dhiraajd,initial,,INFORM_CONSTRAINT,,dhiraajd_annotation.xlsx
mw22_MUL0439.json_10,MUL0439.json,10,"To help narrow it down, what is your destination and what day will you be leaving?",I am going to stansted airport and need to leave on Saturday.,dhiraajd,initial,,INFORM_CONSTRAINT,,dhiraajd_annotation.xlsx
mw22_MUL0380.json_10,MUL0380.json,10,Sure the Train ID is TR4016 and the price is 23.60 GBP per ticket. Would you like me to book a ticket for you?,"No, thank you for your help.",dhiraajd,initial,,SOCIAL,,dhiraajd_annotation.xlsx
mw22_SNG01939.json_2,SNG01939.json,2,Ok where is your departure site?,I'm leaving the la margherita.,dhiraajd,initial,,INFORM_CONSTRAINT,,dhiraajd_annotation.xlsx
mw22_MUL0200.json_4,MUL0200.json,4,"I'm sorry, but there are no restaurants that match your criteria. Would you care to broaden your search a bit?",What about Italian food?,dhiraajd,initial,,INFORM_CONSTRAINT,,dhiraajd_annotation.xlsx
mw22_SSNG0315.json_6,SSNG0315.json,6,"Sorry, that booking was unavailable. Would you like to try another hotel?",Can you find a hotel in the same price range?,dhiraajd,initial,,REQUEST,,dhiraajd_annotation.xlsx
mw22_SNG01399.json_4,SNG01399.json,4,"Addenbrookes Hospital is on Hills Rd, Cambridge and Postcode CB20QQ. The phone for that unit is 01223274222. Anything else?",I think that will do it. Thanks for the information.,dhiraajd,initial,,CONFIRM_ACCEPT,,dhiraajd_annotation.xlsx
mw22_PMUL3673.json_4,PMUL3673.json,4,how about train 1997? It leaves at 09:01.,"Oh, I am so sorry. I will be leaving Broxbourne, not Cambridge.",dhiraajd,initial,,CORRECT_CLARIFY,,dhiraajd_annotation.xlsx
mw22_PMUL3537.json_10,PMUL3537.json,10,What area would you like to be in?,"I don't know the city, so I don't really care about the location within town. Can you recommend an area?",dhiraajd,initial,,REQUEST,,dhiraajd_annotation.xlsx
mw22_PMUL3106.json_2,PMUL3106.json,2,I can help you with that. What type of attraction are you interested in?,"I'd like to ride on a boat, if someplace like that is available.",dhiraajd,initial,,INFORM_CONSTRAINT,,dhiraajd_annotation.xlsx
mw22_SNG01353.json_4,SNG01353.json,4,"What part of town are you interested in? East, north or south?",I don't have a preference for the area.,dhiraajd,initial,,INFORM_CONSTRAINT,,dhiraajd_annotation.xlsx
mw22_SNG01735.json_6,SNG01735.json,6,I have booked a blue volkswagen and contact number 07325713060.,"Thank you, that is all.",dhiraajd,initial,,SOCIAL,,dhiraajd_annotation.xlsx
mw22_WOZ20185.json_2,WOZ20185.json,2,How about Charlie Chan? It is cheap and delicious.,Is there anything else?,dhiraajd,initial,,INFORM_CONSTRAINT,,dhiraajd_annotation.xlsx
mw22_MUL0912.json_10,MUL0912.json,10,"Yes, the Taj Tandoori is a great Indian place in the south area of the city. It's expensive, but definitely worth it. Would you like a reservation there?",Sure. Book it for 14:30 on saturday for 3 people.,dhiraajd,initial,,CONFIRM_ACCEPT,,dhiraajd_annotation.xlsx
mw22_PMUL0480.json_10,PMUL0480.json,10,Okay I have your reservation for the Saffron Brasserie booked and your reference number is QJ98YT0F .,that is it for today thank you very much,dhiraajd,initial,,SOCIAL,,dhiraajd_annotation.xlsx
mw22_SNG0841.json_6,SNG0841.json,6,"Great, you're all set. Your reference number is WK3E72PX",Thank you. Good-bye.,dhiraajd,initial,,SOCIAL,,dhiraajd_annotation.xlsx
mw22_PMUL2454.json_4,PMUL2454.json,4,I have about 23 museums to choose from. Is there a certain area of town I can focus on?,"What do you suggest? I don't know the town, so I don't have any idea where to go.",dhiraajd,initial,,REQUEST,,dhiraajd_annotation.xlsx
mw22_PMUL0797.json_10,PMUL0797.json,10,then train ID TR4679 suits you. it leaves at 13:19,I'd like to book for 3 people.,dhiraajd,initial,,REQUEST,,dhiraajd_annotation.xlsx
mw22_PMUL1974.json_10,PMUL1974.json,10,How many tickets are you needing?,"I'm sorry, I just needed the train info. However, I need a place to stay in the North preferably with parking. Can you assist?",dhiraajd,initial,,CORRECT_CLARIFY,,dhiraajd_annotation.xlsx
mw22_MUL1455.json_4,MUL1455.json,4,"I have a train leaving London's Kings Cross station every 2 hours, starting at 13:17. The trip is 51 minutes long and costs 23.60 pounds.",I'll actually be departing from Leicester. What do you have available from there?,dhiraajd,initial,,CORRECT_CLARIFY,,dhiraajd_annotation.xlsx
mw22_PMUL1139.json_2,PMUL1139.json,2,There's several different types of attractions in the east side. Do you have a preference?,I don't. Could you recommend something interesting?,dhiraajd,initial,,REQUEST,,dhiraajd_annotation.xlsx
mw22_SSNG0258.json_2,SSNG0258.json,2,"There are 32 hotels/guesthouses that offer free wifi, do you want to stay on a specific side of town, or a specific amenity you want?",I would like to be in the south and I prefer a guesthouse.,dhiraajd,initial,,INFORM_CONSTRAINT,,dhiraajd_annotation.xlsx
mw22_PMUL0850.json_12,PMUL0850.json,12,"Okay, the TR1688 leaves at 13:17.",OKay perfect do you think you could book that for me please?,dhiraajd,initial,,REQUEST,,dhiraajd_annotation.xlsx
mw22_WOZ20457.json_6,WOZ20457.json,6,"I have found five restaurants serving european food, four in the centre area and one in the south. Do you have a preference of area?","If they are all moderately priced, I do not care. Price is more important than location.",dhiraajd,initial,,INFORM_CONSTRAINT,,dhiraajd_annotation.xlsx
mw22_SSNG0030.json_2,SSNG0030.json,2,There are 5 available restaurants. What food would you like?,The restaurant should serve chinese food.,dhiraajd,initial,,INFORM_CONSTRAINT,,dhiraajd_annotation.xlsx
mw22_PMUL0906.json_8,PMUL0906.json,8,4.10 pounds. Do you need anything more?,Also looking for a restaurant by the name of Midsummer House. I need a reservation for 7 people at 10:15 on Monday.,dhiraajd,initial,,REQUEST,,dhiraajd_annotation.xlsx
mw22_PMUL3937.json_12,PMUL3937.json,12,Nandos is a very popular restaurant serving portuguese food in the south area of town in the cheap price range. Would you like more information or to book?,Can you book for the same group of people at 12:00 the same day?,dhiraajd,initial,,REQUEST,,dhiraajd_annotation.xlsx
mw22_MUL0220.json_6,MUL0220.json,6,There are several options. What is your departure day and time?,The train should leave on saturday and should arrive by 16:00.,dhiraajd,initial,,INFORM_CONSTRAINT,,dhiraajd_annotation.xlsx
mw22_MUL0117.json_12,MUL0117.json,12,All booked! The reference number is O9WM39XJ .,"Thanks, that was all I needed. Have a nice day.",dhiraajd,initial,,SOCIAL,,dhiraajd_annotation.xlsx
mw22_PMUL4476.json_2,PMUL4476.json,2,I can help you with that. Would you prefer a guest house or hotel?,I think I need it to be in the centre. I probably prefer a hotel if possible.,dhiraajd,initial,,INFORM_CONSTRAINT,,dhiraajd_annotation.xlsx
mw22_MUL1120.json_2,MUL1120.json,2,I have 5 places that match your request. Do you want to stay in a particular area of town?,I would prefer to stay in the western area of town. What would you have in that area?,dhiraajd,initial,,REQUEST,,dhiraajd_annotation.xlsx
mw22_PMUL1396.json_4,PMUL1396.json,4,"I have a train leaving at 1836 and arriving at 1955, would you like me to book it for you?",yeah that sounds good,dhiraajd,initial,,CONFIRM_ACCEPT,,dhiraajd_annotation.xlsx
mw22_PMUL0952.json_8,PMUL0952.json,8,"Ok, let's narrow this down a bit. Where would you like to depart from and where are you going?",I am departing from Peterborough and going to Cambridge.,dhiraajd,initial,,INFORM_CONSTRAINT,,dhiraajd_annotation.xlsx
mw22_PMUL4535.json_6,PMUL4535.json,6,"a and b guest house has rooms available and is near the museum, would you like me to book rooms for you?","Um, actually I think I'd like to be in the east. I also need parking.",dhiraajd,initial,,CORRECT_CLARIFY,,dhiraajd_annotation.xlsx
mw22_MUL2360.json_4,MUL2360.json,4,"THere are 5 in the west, tandoori palace, cocum, rice boat, maharajah tandoori restaurant and india house. Would you like to make a reservation at any of these choices?","cocum sounds interesting. can you give me the phone number, address and postcode please?",dhiraajd,initial,,REQUEST,,dhiraajd_annotation.xlsx
mw22_PMUL1618.json_10,PMUL1618.json,10,There are 3 matches for your preferences. I recommend Ashley Hotel.,"Okay, please book that for 2 people and 5 nights starting tuesday. I'll need a reference number.",dhiraajd,initial,,REQUEST,,dhiraajd_annotation.xlsx
mw22_PMUL4607.json_16,PMUL4607.json,16,I was able to book a black bmw phone number is 07591473862,Great! Thank you for your help.,dhiraajd,initial,,SOCIAL,,dhiraajd_annotation.xlsx
mw22_MUL1454.json_2,MUL1454.json,2,What day would you like to travel?,On Thursday please.,dhiraajd,initial,,INFORM_CONSTRAINT,,dhiraajd_annotation.xlsx
mw22_SSNG0017.json_4,SSNG0017.json,4,"I'm sorry, that booking was unsuccessful. Shall I try for another day or time?",That's too bad. Please book any other restaurant that is in the west and expensive.,dhiraajd,initial,,REQUEST,,dhiraajd_annotation.xlsx
mw22_PMUL3238.json_8,PMUL3238.json,8,"OK, what are your departure and arrival stations, and what time do you want to travel?",I'd like to go to Cambridge via Broxbourne. I'd like to leave on Thursday and arrive no later than 12:00.,dhiraajd,initial,,INFORM_CONSTRAINT,,dhiraajd_annotation.xlsx
mw22_MUL2250.json_6,MUL2250.json,6,The cityroomz is a hotel in the centre part of town with a 0-rating in the moderate price range. Can I reserve a room for you there?,"Yes, I'd like to reserve it for 6 people for 4 nights starting Sunday, please.",dhiraajd,initial,,CONFIRM_ACCEPT,,dhiraajd_annotation.xlsx
mw22_MUL1510.json_12,MUL1510.json,12,The price of that is 8.08 pounds.,Ok thank you for the information that's all I needed today.,dhiraajd,initial,,SOCIAL,,dhiraajd_annotation.xlsx
mw22_PMUL4883.json_10,PMUL4883.json,10,I have found 1 hotel that meets your needs. It is Cityroomz. Would you like me to book it for you?,No thank you. I would just like the number and postcode for Cityroomz.,dhiraajd,initial,,REQUEST,,dhiraajd_annotation.xlsx
mw22_WOZ20545.json_4,WOZ20545.json,4,"I'm sorry, there are no restaurants listed serving Christmas food. Would you like to try a different kind of food?",How about british food?,dhiraajd,initial,,INFORM_CONSTRAINT,,dhiraajd_annotation.xlsx
mw22_PMUL4499.json_28,PMUL4499.json,28,Okay. Then to book I will need to know what time you want to either leave the restaurant or what time you'd like to arrive at the hotel by.,I'm sorry. Let me clarify. I need a taxi to pick me up at the hotel and I want to arrive at the restaurant by 18:30.,dhiraajd,initial,,CORRECT_CLARIFY,,dhiraajd_annotation.xlsx
mw22_PMUL0236.json_10,PMUL0236.json,10,There are tables available for 8 on Monday night. What time would you like the reservation?,I would like the reservation at 17:30.,dhiraajd,initial,,INFORM_CONSTRAINT,,dhiraajd_annotation.xlsx
mw22_MUL2396.json_2,MUL2396.json,2,"Would you like a recommendation, or do you want to specify an area?",I'd like a recommendation that is able to book a table for 5 people at 14:45 on Friday.,dhiraajd,initial,,REQUEST,,dhiraajd_annotation.xlsx
mw22_SSNG0336.json_4,SSNG0336.json,4,"No, that is in the moderate price range.","I would like one that is in the expensive price range, please. A bit more upscale.",dhiraajd,initial,,CORRECT_CLARIFY,,dhiraajd_annotation.xlsx
mw22_PMUL1590.json_10,PMUL1590.json,10,I got your room booked at the Carolina Bed and Breakfast. Your reference is FYLDIZUF . Is there anything else I can help you with today?,I need a room for the same group of people for 1 night on the same day. And I need the reference number then too please,dhiraajd,initial,,REQUEST,,dhiraajd_annotation.xlsx
mw22_PMUL2965.json_8,PMUL2965.json,8,I recommend the Ashley Hotel. It's a nice little place on the north side of town. Would you like to book a room?,Yes please. I'll need to for 5 nights starting on Saturday for 5 people.,dhiraajd,initial,,CONFIRM_ACCEPT,,dhiraajd_annotation.xlsx
mw22_MUL0454.json_12,MUL0454.json,12,"Unfortunately, I'm not seeing any.",Okay what about any type of theatre? Which is your favorite?,dhiraajd,initial,,REQUEST,,dhiraajd_annotation.xlsx
mw22_WOZ20166.json_4,WOZ20166.json,4,"The postcode of grafton hotel restaurant is C.B 2, 1 U.J.","What is the address, phone number, and type of food?",dhiraajd,initial,,REQUEST,,dhiraajd_annotation.xlsx
mw22_PMUL4611.json_16,PMUL4611.json,16,It is free admission.,"Okay, that's all I need, thank you so much!",dhiraajd,initial,,SOCIAL,,dhiraajd_annotation.xlsx
mw22_PMUL3365.json_2,PMUL3365.json,2,"sure, what is your destination?",My destination is going to be stansted airport,dhiraajd,initial,,INFORM_CONSTRAINT,,dhiraajd_annotation.xlsx
mw22_PMUL3019.json_6,PMUL3019.json,6,There is the riverboat georgina boat attraction in postcode cb43ax. Do you want to book a seat?,Book me a seat get phone number and entrance fee cost. I need a taxi that will arrive at the restaurant and take me to the boat attraction.,dhiraajd,initial,,REQUEST,,dhiraajd_annotation.xlsx
mw22_MUL2113.json_2,MUL2113.json,2,"Certainly! First, can you confirm the day you are traveling and the destination you are traveling to?",I'll be going to Cambridge on Saturday.,dhiraajd,initial,,INFORM_CONSTRAINT,,dhiraajd_annotation.xlsx
mw22_PMUL0020.json_8,PMUL0020.json,8,The reference number for you dinner reservation is 7E3EL1IG . What area of town would you like to stay in?,I just need to find a hotel for Sunday for 3 people. The stay should be two nights. Please give me the reference number too.,dhiraajd,initial,,REQUEST,,dhiraajd_annotation.xlsx
mw22_MUL2626.json_14,MUL2626.json,14,what kind of attraction would you like? there are plenty,Take your pick. I am open to anything as long as it is in the east area.,dhiraajd,initial,,INFORM_CONSTRAINT,,dhiraajd_annotation.xlsx
mw22_PMUL1890.json_4,PMUL1890.json,4,"No, that one leaves on Friday. TR9219 leaves Sunday at 5:29 and arrives in Cambridge by 6:07. Would you like to book a seat?",Yes please book a seat and send me a reference number.,dhiraajd,initial,,CONFIRM_ACCEPT,,dhiraajd_annotation.xlsx
mw22_SNG0339.json_8,SNG0339.json,8,Your booking was successful. You will owe 35.79 GBP at the station and your reference number is: TQICKHXG . Can I assist you with anything else?,"No, there is nothing else I need today. thank you. Goodbye.",dhiraajd,initial,,SOCIAL,,dhiraajd_annotation.xlsx
mw22_MUL1128.json_12,MUL1128.json,12,Milton Country Park in north and it is free to use.,May I have the phone number for the park please?,dhiraajd,initial,,REQUEST,,dhiraajd_annotation.xlsx
mw22_MUL1248.json_6,MUL1248.json,6,"Yes, there are 3: bridge guest house, hamilton lodge, and hobsons house.",How about the bridge guest house for 5 people for 2 nights starting on tuesday?,dhiraajd,initial,,REQUEST,,dhiraajd_annotation.xlsx
mw22_MUL1083.json_10,MUL1083.json,10,"The cherry hinton water play park is at cherry hinton hall, cherry hinton road, cb18dw, it is free to enter.Phone number 01223446100. Can I help you with anything else?",Yes I also need a taxi to commute between the two.,dhiraajd,initial,,REQUEST,,dhiraajd_annotation.xlsx
mw22_SNG01215.json_2,SNG01215.json,2,"The Parkside Police Station is in Parkside, Cambridge. Is this close to your location?",Yes I'll need their address please.,dhiraajd,initial,,REQUEST,,dhiraajd_annotation.xlsx
mw22_MUL0274.json_4,MUL0274.json,4,We have the Hakka and The Hotpot that match your search. Do you have a preference?,"Let's go with Hakka, and make a booking for 7 people at 19:15 on Monday. And give me the reference number please.",dhiraajd,initial,,REQUEST,,dhiraajd_annotation.xlsx
mw22_MUL0349.json_14,MUL0349.json,14,I have booked you one seat on this train. Did you need any other seats? Your confirmation code is CBM69HZZ . Anything else I can help you with?,Can I get an arrival time for that?,dhiraajd,initial,,REQUEST,,dhiraajd_annotation.xlsx
mw22_SNG0553.json_10,SNG0553.json,10,I booked you at Curry Queen. Your table will be reserved for 15 minutes. Reference number is C06RJUNL .,Thank you for your help. This is all I needed.,dhiraajd,initial,,SOCIAL,,dhiraajd_annotation.xlsx
mw22_PMUL4021.json_4,PMUL4021.json,4,"Yes certainly their address is sleeperz hotel, station road and their telephone number is 01223304050.",Great I need to book it for 4 nights,dhiraajd,initial,,REQUEST,,dhiraajd_annotation.xlsx
mw22_MUL0280.json_14,MUL0280.json,14,You're quite welcome! Is there anything else I can help you with today?,"No, that'll be all. Thank you, again.",dhiraajd,initial,,SOCIAL,,dhiraajd_annotation.xlsx
mw22_PMUL2871.json_6,PMUL2871.json,6,What day would you like me book and how many days will you be staying?,I need it for 7 people for 3 nights starting on friday please.,dhiraajd,initial,,INFORM_CONSTRAINT,,dhiraajd_annotation.xlsx
mw22_PMUL3055.json_24,PMUL3055.json,24,"Your room is reserved, ref# UCVH6QPU . Is there anything else I can help you with today?",Not that's it. Thank you so much!,dhiraajd,initial,,SOCIAL,,dhiraajd_annotation.xlsx
mw22_PMUL4278.json_10,PMUL4278.json,10,Where are you departing from?,I am leaving from Cambridge.,dhiraajd,initial,,INFORM_CONSTRAINT,,dhiraajd_annotation.xlsx
mw22_MUL2200.json_12,MUL2200.json,12,I have 2 options for you. The first is the Huntingdon Marriott Hotel in the west. The other is the University Arms Hotel in the centre. Do you have a preference?,The Huntingdon Marriott Hotel sounds really nice. Could you book us a room there for 2 nights on Tuesday?,dhiraajd,initial,,REQUEST,,dhiraajd_annotation.xlsx
mw22_PMUL3228.json_10,PMUL3228.json,10,That train still meets your criteria. Train TR2530 departs Cambridge for Bishops Stortford on Monday at 17:29. Would you like me to book this?,"Yes, I need 8 tickets. And could you provide the reference number?",dhiraajd,initial,,CONFIRM_ACCEPT,,dhiraajd_annotation.xlsx
mw22_PMUL4817.json_2,PMUL4817.json,2,What sort of information are you looking for?,Can I have some information about the Ashley hotel? Does it have internet?,dhiraajd,initial,,REQUEST,,dhiraajd_annotation.xlsx
mw22_PMUL1812.json_4,PMUL1812.json,4,There is TR9057 Which is at 9.80 pounds and takes 47 minutes. will you book that?,No that won't be necessary. Can you just tell me what the arrival time is?,dhiraajd,initial,,REQUEST,,dhiraajd_annotation.xlsx
mw22_SNG01542.json_2,SNG01542.json,2,And where will you be going?,I'm going to restaurant one seven.,dhiraajd,initial,,INFORM_CONSTRAINT,,dhiraajd_annotation.xlsx
mw22_PMUL1259.json_14,PMUL1259.json,14,Postcode is cb23hg.,"Ok, that's great, thank you for your help.",dhiraajd,initial,,SOCIAL,,dhiraajd_annotation.xlsx
mw22_MUL0648.json_2,MUL0648.json,2,There are 200 trains coming to Cambridge on Sunday. Is there a particular time or departure location you're interested in?,I want to depart from london kings cross after 13:30.,dhiraajd,initial,,INFORM_CONSTRAINT,,dhiraajd_annotation.xlsx
mw22_SNG02181.json_2,SNG02181.json,2,Sure! where are you going?,I am going to visit queens' college,dhiraajd,initial,,INFORM_CONSTRAINT,,dhiraajd_annotation.xlsx
mw22_PMUL1822.json_8,PMUL1822.json,8,"There are many places to stay, could you give me some preferences to find the best one for you?","Three stars, moderate price range.",dhiraajd,initial,,INFORM_CONSTRAINT,,dhiraajd_annotation.xlsx
mw22_PMUL0275.json_4,PMUL0275.json,4,I have 5 restaurants that match what you're looking for. Would you like to try Tandoori Palace? Its located at 68 Histon Road Chesteron.,"Sure, can I get a reservation for Sunday at 16:15? I will need a table for 3.",dhiraajd,initial,,CONFIRM_ACCEPT,,dhiraajd_annotation.xlsx
mw22_PMUL0389.json_14,PMUL0389.json,14,Your table will be reserved for 15 minutes. Reference number is 26GA35EY .,Thank you! That will be all for today!,dhiraajd,initial,,SOCIAL,,dhiraajd_annotation.xlsx
mw22_SSNG0283.json_4,SSNG0283.json,4,The City Centre North B and B has internet and parking. Can I book a room for you?,Yes can you please look to see if booking is available for 8 people and 4 nights starting from sunday?,dhiraajd,initial,,CONFIRM_ACCEPT,,dhiraajd_annotation.xlsx
mw22_MUL1823.json_8,MUL1823.json,8,"You can find that museum at university of cambridge, downing street, and it's free to enter. Do you need more information?","Yes, I need their phone number as well.",dhiraajd,initial,,CONFIRM_ACCEPT,,dhiraajd_annotation.xlsx
mw22_MUL2407.json_8,MUL2407.json,8,"I do not have any information on what their fee is, you may want to call them. They are reachable at 01223359750",I'm also looking for a restaurant in the expensive price range and in the same area.,dhiraajd,initial,,REQUEST,,dhiraajd_annotation.xlsx
mw22_SSNG0156.json_6,SSNG0156.json,6,I was able to book you at hk fusion on Sunday. Reference number 5UP22RA . Is there anything else I can help you with?,No that will be all. Thanks.,dhiraajd,initial,,SOCIAL,,dhiraajd_annotation.xlsx
mw22_MUL1088.json_6,MUL1088.json,6,It seems like all of my guesthouses are in different price ranges. No expensive ones are listed. Can I interest you in a different price range?,Well then I need a hotel that has free parking and a 4 star rating.,dhiraajd,initial,,CORRECT_CLARIFY,,dhiraajd_annotation.xlsx
mw22_MUL1097.json_8,MUL1097.json,8,There are a few. Do you have a preference in location?,"No preference, but close to the hotel would be good.",dhiraajd,initial,,INFORM_CONSTRAINT,,dhiraajd_annotation.xlsx
mw22_PMUL2662.json_4,PMUL2662.json,4,"We have nine moderately priced, 4 star guesthouses with free parking. Does location matter?","No, but are there any that are less expensive?",dhiraajd,initial,,CORRECT_CLARIFY,,dhiraajd_annotation.xlsx
mw22_PMUL3245.json_6,PMUL3245.json,6,what is your destination.,I'm leaving from Cambridge going to stevenage.,dhiraajd,initial,,INFORM_CONSTRAINT,,dhiraajd_annotation.xlsx
mw22_MUL1204.json_10,MUL1204.json,10,Your booking is all set. The reference number is MNOLS7EN . Can I help with anything else?,That's all. Thanks for the help!,dhiraajd,initial,,SOCIAL,,dhiraajd_annotation.xlsx
mw22_MUL0516.json_2,MUL0516.json,2,"There are 8 different attractions in that area, would you maybe like to go to the cinema or a park?",Can I get post codes?,dhiraajd,initial,,REQUEST,,dhiraajd_annotation.xlsx
mw22_PMUL3001.json_6,PMUL3001.json,6,"They are located at 01223357708, the address is at 10 king s parade, and their postcode is cb21sj",Thanks for the info. Can I also get information about trains leaving on Monday?,dhiraajd,initial,,REQUEST,,dhiraajd_annotation.xlsx
mw22_PMUL3835.json_4,PMUL3835.json,4,Curry prince is in the east part of town in the moderate price range would you like to try that?,"Yes, can you help me book a table for one at Curry Prince?",dhiraajd,initial,,CONFIRM_ACCEPT,,dhiraajd_annotation.xlsx
mw22_MUL0315.json_10,MUL0315.json,10,City Stop Restaurant is in the North area?,"Ok, thank you!",dhiraajd,initial,,SOCIAL,,dhiraajd_annotation.xlsx
mw22_PMUL0043.json_26,PMUL0043.json,26,The university arms hotel sounds like exactly what you're looking for. Would you like me to book it for you?,No I just need their phone number and address.,dhiraajd,initial,,REQUEST,,dhiraajd_annotation.xlsx
mw22_PMUL1539.json_10,PMUL1539.json,10,You've been booked at A and B Guesthouse. Your reference number is I23Q30PH . Can I be of further assistance today?,Also looking for a train leaving Norwich after 14:00 and arriving in Cambridge on Friday.,dhiraajd,initial,,REQUEST,,dhiraajd_annotation.xlsx
mw22_PMUL2475.json_14,PMUL2475.json,14,Yes. Their phone number is 01223367755.,Great I also need a taxi that will leave the attraction by 16:15,dhiraajd,initial,,REQUEST,,dhiraajd_annotation.xlsx
mw22_MUL1112.json_2,MUL1112.json,2,OK. There are four different boats to choose from. What area of town were you thinking?,It doesn't really matter. Can you recommend one?,dhiraajd,initial,,REQUEST,,dhiraajd_annotation.xlsx
mw22_PMUL0218.json_14,PMUL0218.json,14,What time would you like to leave and from where?,"Leaving the guesthouse and going to the restaurant, arriving by 14:15.",dhiraajd,initial,,INFORM_CONSTRAINT,,dhiraajd_annotation.xlsx
mw22_PMUL1250.json_6,PMUL1250.json,6,i will recommend TR3842. can we book for you?,what time does it leave?,dhiraajd,initial,,REQUEST,,dhiraajd_annotation.xlsx
mw22_PMUL4410.json_8,PMUL4410.json,8,All Saints Church is an architecture interest and has free admission. It is located on Jesus Lane.,Can you arrange for a taxi to pick me up at the Church at 15:15 and take me to the hotel? I'll need car type and contact number,dhiraajd,initial,,REQUEST,,dhiraajd_annotation.xlsx
mw22_MUL0935.json_16,MUL0935.json,16,I've booked you at 15:15 on Sunday at Zizzi Cambridge. Anything else?,"Can I get the reference number, please?",dhiraajd,initial,,REQUEST,,dhiraajd_annotation.xlsx
mw22_MUL0343.json_18,MUL0343.json,18,The police department is 01223358966,Thank you for the information,dhiraajd,initial,,SOCIAL,,dhiraajd_annotation.xlsx
mw22_PMUL1921.json_6,PMUL1921.json,6,"The TR2153 departs Cambridge for Bishops Stortford on Tuesday at 17:29, would you like to book a seat on this train?",Yeah. I need to book for 7 people.,dhiraajd,initial,,CONFIRM_ACCEPT,,dhiraajd_annotation.xlsx
mw22_SNG0812.json_4,SNG0812.json,4,"There are quite a lot of them in that area. Do you have a price range in mind, or a particular star rating you'd like me to look for?","Not really. I just need a hotel that can accommodate 6 people for 5 nights, starting Sunday.",dhiraajd,initial,,INFORM_CONSTRAINT,,dhiraajd_annotation.xlsx
mw22_PMUL0893.json_10,PMUL0893.json,10,"Booking was successful, the total fee is 600.79 GBP payable at the station . Reference number is : HL9K5T9V . Anything else I can help with?",Thanks so much! Can you also help me find a restaurant in the centre that's mid-priced?,dhiraajd,initial,,REQUEST,,dhiraajd_annotation.xlsx
mw22_MUL2114.json_16,MUL2114.json,16,What day would you like to book the hotel and how long will your stay be?,On second thought I just wanted to find a hotel in the south area. Thanks so much for your help!,dhiraajd,initial,,CORRECT_CLARIFY,,dhiraajd_annotation.xlsx
mw22_PMUL0075.json_6,PMUL0075.json,6,Booking was successful. Reference number is : IH9GBUZF is there anything else i can help you with today?,im also looking for a cheap restaurant in the centre and tell me the food type,dhiraajd,initial,,REQUEST,,dhiraajd_annotation.xlsx
mw22_MUL1643.json_14,MUL1643.json,14,What day and time would you like travel?,I would like to leave Wednesday after 20:00.,dhiraajd,initial,,INFORM_CONSTRAINT,,dhiraajd_annotation.xlsx
mw22_MUL0684.json_6,MUL0684.json,6,Here is your reference number: QQVPN13M . Total fee will be 75.09 GBP payable at the station. Is there anything else I can help you with today?,Can you help me find a place to stay? I am looking a 0 star hotel with a cheap price.,dhiraajd,initial,,REQUEST,,dhiraajd_annotation.xlsx
mw22_WOZ20012.json_2,WOZ20012.json,2,There are no moderately priced steakhouse restaurants. Would you like to change your query?,How about moderately priced British food?,dhiraajd,initial,,CORRECT_CLARIFY,,dhiraajd_annotation.xlsx
mw22_MUL0788.json_14,MUL0788.json,14,"I'm sorry, there aren't any hotels that match your criteria. Would any other area, price, or internet availability be acceptable?",How about the one that is in the type of guesthouse?,dhiraajd,initial,,CORRECT_CLARIFY,,dhiraajd_annotation.xlsx
mw22_PMUL2877.json_18,PMUL2877.json,18,Booking was successful. Reference number is : 5K1TGKMU .,i also need to use a taxi,dhiraajd,initial,,REQUEST,,dhiraajd_annotation.xlsx
mw22_MUL0592.json_12,MUL0592.json,12,"Indeed I can book that for 4 people. Your booking was successful, the total fee is 40.4 GBP payable at the station. Reference number is : 2I1YOWD4","Great that's all that I need, thank you!",dhiraajd,initial,,SOCIAL,,dhiraajd_annotation.xlsx
mw22_SSNG0269.json_12,SSNG0269.json,12,Booked at worth house. Reference number: DKEC3GVH .,That was great. Thank you goodbye!,dhiraajd,initial,,SOCIAL,,dhiraajd_annotation.xlsx
mw22_PMUL1057.json_10,PMUL1057.json,10,"There's a train leaving cambridge every hour, what time do you want to leave and/or what time do you want to get to your destination?",I'd like to leave on the first train available after 9:00.,dhiraajd,initial,,INFORM_CONSTRAINT,,dhiraajd_annotation.xlsx
mw22_PMUL0885.json_6,PMUL0885.json,6,The trip will take 88 minutes. Would you like me to make a reservation?,"No,I am also looking for a place to dine. The restaurant should serve British food and should be in the moderate price range",dhiraajd,initial,,REQUEST,,dhiraajd_annotation.xlsx
mw22_PMUL0756.json_8,PMUL0756.json,8,it is called restaurant one seven and there phone number is 01223337766,i'm also looking for a train.,dhiraajd,initial,,REQUEST,,dhiraajd_annotation.xlsx
mw22_PMUL1643.json_12,PMUL1643.json,12,"All set, the reference number is IFHSYRZN, any other questions today?","Which ever one you recommend. I'll need it booked for 1 person, Sunday, 3 nights please.",dhiraajd,initial,,REQUEST,,dhiraajd_annotation.xlsx
mw22_PMUL0346.json_4,PMUL0346.json,4,"I'm sorry, there are no restaurants specializing in molecular gastronomy located in the centre.",How about any Italian restaurants in the same area?,dhiraajd,initial,,CORRECT_CLARIFY,,dhiraajd_annotation.xlsx
mw22_WOZ20117.json_2,WOZ20117.json,2,there are two Thai locations. Would you prefer a restaurant in the centre or west part of town?,I don't care.,dhiraajd,initial,,INFORM_CONSTRAINT,,dhiraajd_annotation.xlsx
mw22_PMUL3283.json_4,PMUL3283.json,4,"Ah yes, the Eraina. It's an expensive European restaurant in the city centre. Would you like more info?","It was recommended by a friend, and I'm not sure what type of food they serve. Do you know?",dhiraajd,initial,,REQUEST,,dhiraajd_annotation.xlsx
mw22_PMUL0002.json_12,PMUL0002.json,12,I'm sorry but the only restaurants in that part of town serve either Asian food or African food.,I don't mind changing the area. I just need moderate pricing and want something that serves Turkish food.,dhiraajd,initial,,CORRECT_CLARIFY,,dhiraajd_annotation.xlsx
mw22_PMUL4796.json_20,PMUL4796.json,20,"Your table is booked, ref #QH14SHYY . Can I help you with anything else today?",I think that is all I need to know about the restaurant.,dhiraajd,initial,,SOCIAL,,dhiraajd_annotation.xlsx
mw22_MUL1805.json_8,MUL1805.json,8,"We have five fantastic parks located in the centre, east, north, and south. I suggest Milton Country Park. It has free entrance. Would you like more information?",What is the address and phone number?,dhiraajd,initial,,REQUEST,,dhiraajd_annotation.xlsx
mw22_PMUL0989.json_6,PMUL0989.json,6,Your reference number is M5L3KBEV . Do you need anything else?,Im also looking for a restaurant by the name of bedouin.,dhiraajd,initial,,REQUEST,,dhiraajd_annotation.xlsx
mw22_MUL1605.json_4,MUL1605.json,4,I have 4 modern european restaurants in the center of town. I recommend the Riverside Brasserie.,What is the postcode of that resturant?,dhiraajd,initial,,REQUEST,,dhiraajd_annotation.xlsx
mw22_MUL1525.json_6,MUL1525.json,6,"If you ask me, the Oak Bistro is the place to go. They are in the centre of town and are moderately priced but the food is delicious.",That sounds great. Can you reserve us a table? We're a party of 3 and would like to eat at 16:15 on Wednesday.,dhiraajd,initial,,REQUEST,,dhiraajd_annotation.xlsx
mw22_MUL2415.json_8,MUL2415.json,8,Galleria is a very popular restaurant in the moderate range. Would you like me to book a reservation for you?,That sounds awesome. Can I get a reservation for 8 people on Monday at 13:15 please?,dhiraajd,initial,,REQUEST,,dhiraajd_annotation.xlsx
mw22_MUL1216.json_18,MUL1216.json,18,Try University Arms Hotel in Centre. It is close to alot since it is right there on Regent Street. Postcode is cb21ad. Anything more you need today?,"No thank you, that's everything I need!",dhiraajd,initial,,SOCIAL,,dhiraajd_annotation.xlsx
mw22_PMUL4811.json_6,PMUL4811.json,6,"The address is gwydir street, no. 5 dale's brewery, phone number is 01223311687. Anything else I can help you with?",I'm also looking for a train that goes to Cambridge on Thursday.,dhiraajd,initial,,REQUEST,,dhiraajd_annotation.xlsx
mw22_SNG01229.json_4,SNG01229.json,4,Where will you be going to?,I'll be going to meze bar restaurant.,dhiraajd,initial,,INFORM_CONSTRAINT,,dhiraajd_annotation.xlsx
mw22_MUL2446.json_10,MUL2446.json,10,Yup there is a place called Pizza Hut City Centre that serves cheap Italian food. Want me to book it?,"No need to book for now, just gathering information.",dhiraajd,initial,,INFORM_CONSTRAINT,,dhiraajd_annotation.xlsx
mw22_PMUL4927.json_6,PMUL4927.json,6,which day do you want to travel to narrow down my options,Monday would be best please.,dhiraajd,initial,,INFORM_CONSTRAINT,,dhiraajd_annotation.xlsx
mw22_PMUL1098.json_4,PMUL1098.json,4,What time would you like to depart and arrive?,I would like to leave after 08:15 on Sunday please.,dhiraajd,initial,,INFORM_CONSTRAINT,,dhiraajd_annotation.xlsx
mw22_MUL0797.json_4,MUL0797.json,4,There is only a hotel in the south in that price range. Would you like to try another area?,Is there one in the cheap price range?,dhiraajd,initial,,REQUEST,,dhiraajd_annotation.xlsx
mw22_PMUL1713.json_8,PMUL1713.json,8,There are three guesthouses that meet your criteria. I would recommend the Autumn House. Would you like me to book a room for you?,does it have free wifi and parking?,dhiraajd,initial,,REQUEST,,dhiraajd_annotation.xlsx
mw22_PMUL4392.json_2,PMUL4392.json,2,Would you like to look into a hotel?,"uhm, no. that's your job, weirdo. also, i need a train.",dhiraajd,initial,,REQUEST,,dhiraajd_annotation.xlsx
mw22_PMUL4727.json_4,PMUL4727.json,4,a and b guest house is very nice,book for 6 people and three nights starting on thursday.,dhiraajd,initial,,INFORM_CONSTRAINT,,dhiraajd_annotation.xlsx
mw22_PMUL4917.json_14,PMUL4917.json,14,"There are 13 colleges to visit in the city centre. If I may recommend something, Gonville and Caius College is quite lovely this time of year, and their entrance fee is free.",Great. Can you get me a taxi to the college.,dhiraajd,initial,,REQUEST,,dhiraajd_annotation.xlsx
mw22_PMUL2078.json_6,PMUL2078.json,6,I have one such restaurant and it is called the Grafton Hotel Restaurant and is in the expensive price range. Would you like their address?,"Actually, could you book a table for 6 people on Wednesday?",dhiraajd,initial,,CORRECT_CLARIFY,,dhiraajd_annotation.xlsx
mw22_MUL2674.json_12,MUL2674.json,12,How about the University Arms Hotel in the centre of town? Does that sound nice? I can book you a room if you'd like.,Is the University Arms a 4 star hotel?,dhiraajd,initial,,REQUEST,,dhiraajd_annotation.xlsx
mw22_SNG01199.json_2,SNG01199.json,2,"Ok, what time do you want to leave.",I'd like to arrive by 21:30.,dhiraajd,initial,,INFORM_CONSTRAINT,,dhiraajd_annotation.xlsx
mw22_SNG01277.json_4,SNG01277.json,4,How about TR5042 that arrives at 05:19?,"I'd like to arrive by 10:45, do you have something close to that time?",dhiraajd,initial,,CORRECT_CLARIFY,,dhiraajd_annotation.xlsx
mw22_SNG0842.json_6,SNG0842.json,6,Rosa's bed and breakfast is a guesthouse in the south area that meets your preferences. Would you like me to make a reservation for you?,"Yes, that will work.",dhiraajd,initial,,CONFIRM_ACCEPT,,dhiraajd_annotation.xlsx
mw22_PMUL3295.json_10,PMUL3295.json,10,Where are you departing from?,I will leave from Stansted Airport.,dhiraajd,initial,,INFORM_CONSTRAINT,,dhiraajd_annotation.xlsx
mw22_MUL2499.json_4,MUL2499.json,4,There is a cheap Chinese restaurant called the Dojo Noodle Bar located in the centre of town. Would you like to book a table?,"Yes please, for 8 people at 18:30 on thursday.",dhiraajd,initial,,REQUEST,,dhiraajd_annotation.xlsx
mw22_PMUL2663.json_2,PMUL2663.json,2,The museum is located on Sidgwick Avenue in the west and it is free to get in. Do you need any other information?,Yes I need the phone number.,dhiraajd,initial,,REQUEST,,dhiraajd_annotation.xlsx
mw22_MUL1372.json_8,MUL1372.json,8,Yes they do.,What is the star of the hotel?,dhiraajd,initial,,REQUEST,,dhiraajd_annotation.xlsx
mw22_MUL0214.json_2,MUL0214.json,2,I have ten train departures fitting this criteria. Each leaves on friday on the :29 of the hour from 05:29 to 23:29. Would you like me to book one of these?,I need to arrive in cambridge by 11:15 which one would work best?,dhiraajd,initial,,REQUEST,,dhiraajd_annotation.xlsx
mw22_PMUL0293.json_4,PMUL0293.json,4,You are all set! The reference number is 8KYSNB3T . Do you need anything else?,I am also looking for a place to eat. It should serve bistro food and be expensive.,dhiraajd,initial,,REQUEST,,dhiraajd_annotation.xlsx
mw22_SSNG0130.json_4,SSNG0130.json,4,"I was able to book you at thanh binh, your reference number is H0K8XFPQ .",Ok great thank you. Have a great day!,dhiraajd,initial,,SOCIAL,,dhiraajd_annotation.xlsx
mw22_PMUL2394.json_10,PMUL2394.json,10,The cambridge corn exchange is a theatre in the centre of town. It's located on Wheeler Street and the phone is 01223357851. Is there anythign else I can do?,"Yes, do you know if there is an entrance free for the Cambridge Corn Exchange?",dhiraajd,initial,,REQUEST,,dhiraajd_annotation.xlsx
mw22_PMUL0422.json_18,PMUL0422.json,18,I have booked a red volkswagen for you. The contact number is 07404379938.,Thanks you have been great!,dhiraajd,initial,,SOCIAL,,dhiraajd_annotation.xlsx
mw22_PMUL0271.json_26,PMUL0271.json,26,It is priced cheap. Would you like a different price range?,No the price range is fine. Just make sure it is in the same area as the restaurant.,dhiraajd,initial,,INFORM_CONSTRAINT,,dhiraajd_annotation.xlsx
mw22_PMUL0640.json_2,PMUL0640.json,2,Where will you be departing from and what time will you be leaving?,I will be departing from stansted airport and I want to leave on thursday,dhiraajd,initial,,INFORM_CONSTRAINT,,dhiraajd_annotation.xlsx
mw22_PMUL2443.json_10,PMUL2443.json,10,Okay. I booked you a red skoda and the driver can be reached at 07744304667. Is there anything else I can help you with?,No thank you. That is all that I needed.,dhiraajd,initial,,SOCIAL,,dhiraajd_annotation.xlsx
mw22_MUL2561.json_8,MUL2561.json,8,"Okay, I have a cheap guesthouse in the center, and and expensive hotel as well. They both have 4 stars, which one sounds best?",The cheap one is fine. Book it for 4 people for 4 nights starting Tuesday,dhiraajd,initial,,REQUEST,,dhiraajd_annotation.xlsx
mw22_MUL1809.json_2,MUL1809.json,2,"I have lots of different options. What type of attraction are you interested in. I have museums, entertainment, boating, etc?",Maybe entertainment. Can you give me postcode and entrance fee information?,dhiraajd,initial,,REQUEST,,dhiraajd_annotation.xlsx
mw22_MUL0051.json_16,MUL0051.json,16,Your table will be reserved for 15 minutes. The reference number is XZX9AGML .,Thank you so much!,dhiraajd,initial,,SOCIAL,,dhiraajd_annotation.xlsx
mw22_SSNG0029.json_8,SSNG0029.json,8,"Sure, I've booked you at Ask with reference number LK2P76OS . May I help with anything else?","No, that should be all, thanks!",dhiraajd,initial,,SOCIAL,,dhiraajd_annotation.xlsx
mw22_PMUL1663.json_4,PMUL1663.json,4,"sure, what would you like to know?","I need the price range, area, and star of the hotel.",dhiraajd,initial,,REQUEST,,dhiraajd_annotation.xlsx
mw22_SNG01163.json_4,SNG01163.json,4,"Yes, a taxi can take you to Addenbrookes Hospital. Where are you now?",I'm not sure. It is all quite confusing. I think I will find help nearby. Thank you.,dhiraajd,initial,,SOCIAL,,dhiraajd_annotation.xlsx
mw22_MUL0960.json_8,MUL0960.json,8,Just a moment please. I took care of that reservation for you. They will be expecting you Friday at 17:15. Your reference number is 5ZFDMTIS .,"Could you also please book me a taxi from the museum to Golden Wok? I really don't want to miss my reservation, so it'll have to get there by 17:15.",dhiraajd,initial,,REQUEST,,dhiraajd_annotation.xlsx
mw22_MUL2437.json_6,MUL2437.json,6,Cafe Jello Gallery is in the west. The address is 13 magdalene street.,"Ok, just gathering information for now, thank you.",dhiraajd,initial,,SOCIAL,,dhiraajd_annotation.xlsx
mw22_PMUL2354.json_4,PMUL2354.json,4,"The Broughton House Gallery, post code cb11ln, phone 01223314960, is free.",Is this a cheap place?,dhiraajd,initial,,REQUEST,,dhiraajd_annotation.xlsx
mw22_WOZ20099.json_2,WOZ20099.json,2,"I'm sorry, there are no Tuscan restaurants in the expensive price range. Would you like to try something else?",How about korean food?,dhiraajd,initial,,CORRECT_CLARIFY,,dhiraajd_annotation.xlsx
mw22_PMUL2222.json_8,PMUL2222.json,8,Booking was successful. The table will be reserved for 15 minutes.Reference number is : GW3LQPRE .,I also need the area and address of an attraction called Old Schools please.,dhiraajd,initial,,REQUEST,,dhiraajd_annotation.xlsx
mw22_MUL2484.json_12,MUL2484.json,12,Where would be your departure site?,The concert hall you recommended. The man on the moon?,dhiraajd,initial,,INFORM_CONSTRAINT,,dhiraajd_annotation.xlsx
mw22_PMUL4625.json_4,PMUL4625.json,4,Castle Galleries is located in the centre of town and are free to enter.,"OK, that sounds great. I also need a train to get me to Cambridge.",dhiraajd,initial,,REQUEST,,dhiraajd_annotation.xlsx
mw22_PMUL3101.json_10,PMUL3101.json,10,What day would you like to travel and when do you want to leave?,I would like to leave on Wednesday and the train should leave after 09:00.,dhiraajd,initial,,INFORM_CONSTRAINT,,dhiraajd_annotation.xlsx
mw22_SSNG0174.json_2,SSNG0174.json,2,I have 33 restaurants that meet that criteria. Is there a certain type of food you are looking for?,I want one that serves light bites.,dhiraajd,initial,,INFORM_CONSTRAINT,,dhiraajd_annotation.xlsx
mw22_PMUL0900.json_6,PMUL0900.json,6,It appears that the Curry Garden meets your needs! Would you like me to book that for you?,"Yes, please make reservations for 5 people at 16:45 on Monday.",dhiraajd,initial,,CONFIRM_ACCEPT,,dhiraajd_annotation.xlsx
mw22_PMUL3842.json_8,PMUL3842.json,8,Is there anything else I can help you with?,Yes I am looking for entertainment venues in the city center.,dhiraajd,initial,,REQUEST,,dhiraajd_annotation.xlsx
mw22_PMUL3870.json_8,PMUL3870.json,8,The phone number is 01223353888.,Thanks. I could also use some help finding out about a train going into Cambridge.,dhiraajd,initial,,REQUEST,,dhiraajd_annotation.xlsx
mw22_MUL2321.json_8,MUL2321.json,8,"There's Camboats on the plough, green end, fen ditton. Can I help you with anything else?",Can i get the phone number and postcodes for those? Thank you.,dhiraajd,initial,,REQUEST,,dhiraajd_annotation.xlsx
mw22_MUL1504.json_8,MUL1504.json,8,"I'm sorry, they're all booked up at that time. Would you like to try a different time?",how about 17:00.,dhiraajd,initial,,CORRECT_CLARIFY,,dhiraajd_annotation.xlsx
mw22_PMUL4935.json_2,PMUL4935.json,2,The Lensfield Hotel is in the south. It is a 3 star hotel. Would you like me to book it for you?,What is the price range? I'd like something in the cheap price range.,dhiraajd,initial,,REQUEST,,dhiraajd_annotation.xlsx
mw22_PMUL2496.json_12,PMUL2496.json,12,I'm looking at Yellow Lexus that will pick you up from the restaurant. The contact number is 07336692498.,"Great that's all I needed, thank you.",dhiraajd,initial,,SOCIAL,,dhiraajd_annotation.xlsx
mw22_PMUL0382.json_6,PMUL0382.json,6,"I will book it for you,is there anything else I can do for you ?","Yes, what about the reference number?",dhiraajd,initial,,REQUEST,,dhiraajd_annotation.xlsx
mw22_MUL2466.json_6,MUL2466.json,6,"The ""Place"" is a popular nightclub in the area. There are also a couple of other entertainment options.","The ""Place"" sounds good, can I get its postcode, please?",dhiraajd,initial,,REQUEST,,dhiraajd_annotation.xlsx
mw22_PMUL3396.json_18,PMUL3396.json,18,"I've booked you a taxi, it is a yellow tesla. You can contact them via 07892026031",thanks for helping me out,dhiraajd,initial,,SOCIAL,,dhiraajd_annotation.xlsx
mw22_SNG0490.json_2,SNG0490.json,2,The Sala Thong serves Thai food. It is expensive but good. Can I reserve a table for you?,"Yes, that sounds great!",dhiraajd,initial,,CONFIRM_ACCEPT,,dhiraajd_annotation.xlsx
mw22_PMUL0493.json_6,PMUL0493.json,6,It is. Reference number is : W7KCVTHJ . Anything else?,"I am also looking for a place to dine, in the same area as the hotel.",dhiraajd,initial,,REQUEST,,dhiraajd_annotation.xlsx
mw22_PMUL2327.json_10,PMUL2327.json,10,Cambridge book and print gallery is a wonderful place and there is no entrance fee. Will there be anything else today?,cambridge book abd print gallery sounds wonderful. Can I please have their address and phone number?,dhiraajd,initial,,REQUEST,,dhiraajd_annotation.xlsx
mw22_SNG01569.json_4,SNG01569.json,4,The phone number is 01223217300 and post code is CB20QQ.,"Great, thanks for your help.",dhiraajd,initial,,SOCIAL,,dhiraajd_annotation.xlsx
mw22_SNG0852.json_6,SNG0852.json,6,"All right, I've reserved your room. The reference number is TH1IW110 . Is there anything else I can do for you?",Okay great. That is all I need.,dhiraajd,initial,,SOCIAL,,dhiraajd_annotation.xlsx
mw22_MUL0912.json_12,MUL0912.json,12,"Alright, you're all set. Your reference number is 4FLWS8V8 .",I would also like to book a taxi please.,dhiraajd,initial,,REQUEST,,dhiraajd_annotation.xlsx
mw22_PMUL2172.json_8,PMUL2172.json,8,"Absolutely, what kind of food would you like?",I want some Portuguese food in the same area.,dhiraajd,initial,,INFORM_CONSTRAINT,,dhiraajd_annotation.xlsx
mw22_MUL1480.json_6,MUL1480.json,6,The postcode is cb58pa and the phone number is 01223248882.,Ok. Thank you for the information.,dhiraajd,initial,,SOCIAL,,dhiraajd_annotation.xlsx
mw22_SNG01458.json_12,SNG01458.json,12,Your reference number is KPVWZHWS . Is there anything else I can help you with?,That's everything. Thanks so much for your help. Goodbye.,dhiraajd,initial,,SOCIAL,,dhiraajd_annotation.xlsx
mw22_SNG0623.json_8,SNG0623.json,8,"Yes, they are an expensive restaurant. Would you like me to make a reservation for you?","Yes, I'd like reservation for 8 people t 11:15 on Saturday.",dhiraajd,initial,,CONFIRM_ACCEPT,,dhiraajd_annotation.xlsx
mw22_PMUL2007.json_10,PMUL2007.json,10,When would you like to depart or arrive by?,I want to leave the college by 17:45.,dhiraajd,initial,,INFORM_CONSTRAINT,,dhiraajd_annotation.xlsx
mw22_SNG1007.json_4,SNG1007.json,4,I have 7 guesthouse and 1 hotel matching your inquiry. Would you like a certain area or price range?,I need free parking.,dhiraajd,initial,,INFORM_CONSTRAINT,,dhiraajd_annotation.xlsx
mw22_PMUL1436.json_14,PMUL1436.json,14,Okay your train reference number is YXCN2XHO . Is there anything else you need?,"No that's all for today, thank you.",dhiraajd,initial,,SOCIAL,,dhiraajd_annotation.xlsx
mw22_MUL0067.json_12,MUL0067.json,12,"Yes, I have found three restaurants matching your inquest.",I would like the one closest to the alexander bed and breakfast please.,dhiraajd,initial,,INFORM_CONSTRAINT,,dhiraajd_annotation.xlsx
mw22_MUL2077.json_12,MUL2077.json,12,the TR7007 leaves cambridge to leicester on tuesday leaving at 05:21,That sounds like it would work. Can you tell me the cost of the ticket?,dhiraajd,initial,,REQUEST,,dhiraajd_annotation.xlsx
mw22_MUL0236.json_14,MUL0236.json,14,"I am having a problem booking your reservation. There phone number is 01223362456. If you call back in awhile, we can try booking the reservation again.",Could you find another cheap Vietnamese restaurant on the west side of town?,dhiraajd,initial,,INFORM_CONSTRAINT,,dhiraajd_annotation.xlsx
mw22_MUL2392.json_6,MUL2392.json,6,"You've got 2 choices in the north for cheap places to eat: Royal Spice serves Indian food, and Da Vinci Pizzeria serves Italian food. Which would you prefer?",Da Vinci Pizzeria sounds good. Thanks.,dhiraajd,initial,,CONFIRM_ACCEPT,,dhiraajd_annotation.xlsx
mw22_PMUL0271.json_22,PMUL0271.json,22,We have two guesthouses in centre that are on the cheap side. The alexander bed and breakfast has a 4 star rating. Would you like that one?,Yes please just book that hotel for me.,dhiraajd,initial,,CONFIRM_ACCEPT,,dhiraajd_annotation.xlsx
mw22_PMUL0219.json_4,PMUL0219.json,4,Cocum is a nice Indian restaurant in the West in the expensive price range. Would you like to book a table?,"Yes, I need a table.",dhiraajd,initial,,CONFIRM_ACCEPT,,dhiraajd_annotation.xlsx
mw22_SNG0799.json_10,SNG0799.json,10,"Their phone number is 01223327978, would you like help booking a room?",That's not needed. Thank you!,dhiraajd,initial,,SOCIAL,,dhiraajd_annotation.xlsx
mw22_PMUL2750.json_2,PMUL2750.json,2,There are lots of fun places in town. What would you like to do today?,It does not really matter can you suggest one?,dhiraajd,initial,,REQUEST,,dhiraajd_annotation.xlsx
mw22_MUL0474.json_12,MUL0474.json,12,The train ID is TR8410 and it departs at 9:17. Can I help you with anything else?,That'll be all. Thank you for the help!,dhiraajd,initial,,SOCIAL,,dhiraajd_annotation.xlsx
mw22_MUL1344.json_12,MUL1344.json,12,Certainly. Where are you departing from and where are you going? I also need the time you are leaving or need to arrive.,I just need to get to the restaurant by the time the reservation starts.,dhiraajd,initial,,INFORM_CONSTRAINT,,dhiraajd_annotation.xlsx
mw22_PMUL0053.json_12,PMUL0053.json,12,its postcode is cb21ad. is that all?,What type of hotel is the University Arms?,dhiraajd,initial,,REQUEST,,dhiraajd_annotation.xlsx
mw22_MUL2239.json_14,MUL2239.json,14,TR1659 departs at 14:36 on Tuesday. I have three seats booked for you. Your reference number is BCP0Y15D and you will pay at the station.,How much will it cost me?,dhiraajd,initial,,REQUEST,,dhiraajd_annotation.xlsx
mw22_WOZ20511.json_2,WOZ20511.json,2,Would you be interested in a wonderful Indian restaurant called Tandoori Palace?,"No actually, can you suggest me some kosher places?",dhiraajd,initial,,CORRECT_CLARIFY,,dhiraajd_annotation.xlsx
mw22_PMUL0434.json_4,PMUL0434.json,4,There are five expensive Chinese restaurants. Two of them are in the south.,I was hoping to find something located in the center of town. Are there any expensive Chinese restaurants there?,dhiraajd,initial,,REQUEST,,dhiraajd_annotation.xlsx
mw22_PMUL2600.json_4,PMUL2600.json,4,Cambridge Artworks 5 Greens Road cb13eg 012202168.,"Thank you, also can you help me find a place to eat?",dhiraajd,initial,,REQUEST,,dhiraajd_annotation.xlsx
mw22_MUL1448.json_10,MUL1448.json,10,"There are 8 possible trains to take, do you have a preference on your departure time from Cambridge?",I am not picky as long as I arrive on time.,dhiraajd,initial,,INFORM_CONSTRAINT,,dhiraajd_annotation.xlsx
mw22_MUL1270.json_4,MUL1270.json,4,Which area of town would you like it to be in?,"I don't care what part of town it's in. I do need a room for 6 people, 4 nights, and we're arriving on Saturday.",dhiraajd,initial,,INFORM_CONSTRAINT,,dhiraajd_annotation.xlsx
mw22_PMUL0737.json_2,PMUL0737.json,2,"Sure, I can help you with that! What information are you looking for?",it should depart stansted airport and arrive at cambridge by 8:30 on wednesday.,dhiraajd,initial,,INFORM_CONSTRAINT,,dhiraajd_annotation.xlsx
mw22_MUL0641.json_8,MUL0641.json,8,Almost all of them have free parking.,"Ok, is there one that you would recommend?",dhiraajd,initial,,REQUEST,,dhiraajd_annotation.xlsx
mw22_SNG0171.json_6,SNG0171.json,6,My apologies. I overlooked your request for the postcode. Their postcode for the hospital is CB20QQ. Can I provide anything else for you today?,"Nope, that's all. Thank you!",dhiraajd,initial,,SOCIAL,,dhiraajd_annotation.xlsx
mw22_SNG01928.json_4,SNG01928.json,4,What time would you like to arrive?,It should leave after 11:15.,dhiraajd,initial,,INFORM_CONSTRAINT,,dhiraajd_annotation.xlsx
mw22_PMUL0975.json_16,PMUL0975.json,16,Booking was successful. The table will be reserved for 15 minutes. Reference number is : HWJS11KB . Is there anything else I can assist you with?,Thank you that will be all.,dhiraajd,initial,,SOCIAL,,dhiraajd_annotation.xlsx
mw22_MUL1525.json_16,MUL1525.json,16,"There are 5 trains that match your request, would you like me to book one of them?",Any of those would be fine. Thank you. For 3 people and can I have the reference number?,dhiraajd,initial,,CONFIRM_ACCEPT,,dhiraajd_annotation.xlsx
mw22_PMUL3192.json_10,PMUL3192.json,10,TR1755 is your best bet. It will arrive in Leicester at 11:06. Would you like to book tickets on that?,"No, thanks. I just need the departure time, please.",dhiraajd,initial,,REQUEST,,dhiraajd_annotation.xlsx
mw22_PMUL2668.json_4,PMUL2668.json,4,It is in centre of town and has 4 stars and is priced expensive.,I'd like to book a few rooms for Thursday. Are there rooms available?,dhiraajd,initial,,REQUEST,,dhiraajd_annotation.xlsx
mw22_PMUL1715.json_2,PMUL1715.json,2,"We have many, do you want a specific side of town?",I would like it to be in the north with a 4 star rating and free parking please.,dhiraajd,initial,,INFORM_CONSTRAINT,,dhiraajd_annotation.xlsx
mw22_PMUL3412.json_14,PMUL3412.json,14,Sure. It's located on 15 Magdalene Street City Centre and the postcode there is cb30af. Would you like the phone number as well?,Yes. please thank you.,dhiraajd,initial,,CONFIRM_ACCEPT,,dhiraajd_annotation.xlsx
mw22_MUL1609.json_22,MUL1609.json,22,"You're welcome, thanks for using Cambridge TownInfo centre, have a great day!","Thanks, you to. Good bye.",dhiraajd,initial,,SOCIAL,,dhiraajd_annotation.xlsx
mw22_PMUL1380.json_6,PMUL1380.json,6,We have dozens of trains. Where would you like to depart from and go to?,I will be departing Cambridge after 21:30 on Sunday. I am going to Peterborough.,dhiraajd,initial,,INFORM_CONSTRAINT,,dhiraajd_annotation.xlsx
mw22_MUL0054.json_4,MUL0054.json,4,Yes! The Acorn Guest House is very popular. Would you like more information on that hotel?,"Could i get the postcode, please?",dhiraajd,initial,,REQUEST,,dhiraajd_annotation.xlsx
mw22_PMUL2469.json_6,PMUL2469.json,6,I would highly recommend cambridge artworks located at 5 greens road. It is located on the east side of town.,Can i get a reservation please?,dhiraajd,initial,,REQUEST,,dhiraajd_annotation.xlsx
mw22_PMUL2287.json_8,PMUL2287.json,8,What day would you like to book for?,"I'm not sure yet, can I have the phone number and postcode so I can book the table?",dhiraajd,initial,,REQUEST,,dhiraajd_annotation.xlsx
mw22_PMUL4078.json_10,PMUL4078.json,10,Do you need me to look into anything else for you?,"No, that's all I need help with. Thanks, bye!",dhiraajd,initial,,SOCIAL,,dhiraajd_annotation.xlsx
mw22_PMUL2819.json_2,PMUL2819.json,2,There are several attractions in the south. What type of attraction are most interested in?,I'm not particular. Is there something you could recommend?,dhiraajd,initial,,REQUEST,,dhiraajd_annotation.xlsx
mw22_PMUL4407.json_10,PMUL4407.json,10,Where are you travelling to and from and on what day and time please?,I am going to Cambridge from Stansted on Thursday and arriving by 15:30.,dhiraajd,initial,,INFORM_CONSTRAINT,,dhiraajd_annotation.xlsx
mw22_PMUL3737.json_10,PMUL3737.json,10,I see there are 5 colleges on the west side of town. There are 3 that are free to visit and 2 with entrance fees.,"Ok, can you recommend one and give me their phone number",dhiraajd,initial,,REQUEST,,dhiraajd_annotation.xlsx
mw22_PMUL4048.json_4,PMUL4048.json,4,"Cineworld Cinema in the south side is located at Cambridge Leisure Park, Clifton Way CB17DY and their phone number is 00872208000. Is there any other information I can get you?",What's the postcode and enterance fee?,dhiraajd,initial,,REQUEST,,dhiraajd_annotation.xlsx
mw22_PMUL2993.json_2,PMUL2993.json,2,it is located in the east and 2 star rated. has both internet and parking. it is expensive. you can reach them on 01223866800.its postal code is cb13Ih located in 15-17 norman way coldharms business park,"I want to book 3 nights there, please.",dhiraajd,initial,,REQUEST,,dhiraajd_annotation.xlsx
mw22_PMUL2489.json_14,PMUL2489.json,14,"The phone number is 01223307402, postcode cb23bj, and their address is unit su43, grande arcade, saint andrews street. Is there anything else I can assist you with?",That is all I needed and I thank you for your time.,dhiraajd,initial,,SOCIAL,,dhiraajd_annotation.xlsx
mw22_PMUL3460.json_4,PMUL3460.json,4,I've booked that for you and your reference number is X4W3U0LM .,I'd also need a train leaving the centre going to kings lynn and arriving by 17:00 on monday.,dhiraajd,initial,,REQUEST,,dhiraajd_annotation.xlsx
mw22_WOZ20395.json_4,WOZ20395.json,4,frankie and bennys address is Cambridge Leisure Park Clifton Way Cherry Hinton. Their phone number is 01223 412430,thank You,dhiraajd,initial,,SOCIAL,,dhiraajd_annotation.xlsx
mw22_SNG01644.json_2,SNG01644.json,2,Sure! Where are you coming from?,I am coming from bankok city.,dhiraajd,initial,,INFORM_CONSTRAINT,,dhiraajd_annotation.xlsx
mw22_MUL0146.json_4,MUL0146.json,4,"The Cambridge Belfry fits your requirements, would you like to book a reservation there?",Please book it for 5 people and 5 nights starting from wednesday.,dhiraajd,initial,,CONFIRM_ACCEPT,,dhiraajd_annotation.xlsx
mw22_MUL2563.json_8,MUL2563.json,8,They are located on Storey's Way. Thier phone number is 01223336233. Can I help with anything else?,I am also looking for a place to stay in the north with free parking.,dhiraajd,initial,,REQUEST,,dhiraajd_annotation.xlsx
mw22_SSNG0020.json_8,SSNG0020.json,8,"It is actually not open then, another day or place to dine?",How about a different restaurant in the area and price range?,dhiraajd,initial,,REQUEST,,dhiraajd_annotation.xlsx
mw22_SSNG0313.json_10,SSNG0313.json,10,I also have Aylesbray Lodge Guest House in the south. It's moderately priced. Would that work for you?,"I really want one in the same price range, please.",dhiraajd,initial,,CORRECT_CLARIFY,,dhiraajd_annotation.xlsx
mw22_PMUL4267.json_8,PMUL4267.json,8,Sure where are you departing from?,I need to get to London Liverpool Street by 09:00.,dhiraajd,initial,,INFORM_CONSTRAINT,,dhiraajd_annotation.xlsx
mw22_SNG1210.json_4,SNG1210.json,4,i recommend broughton house gallery,"That sounds good, what is their phone number?",dhiraajd,initial,,REQUEST,,dhiraajd_annotation.xlsx
mw22_MUL0447.json_4,MUL0447.json,4,There are 6 trains available. What time would you like to depart?,"Departure time doesn't matter, I just want to arrive by 17:00 Monday.",dhiraajd,initial,,INFORM_CONSTRAINT,,dhiraajd_annotation.xlsx
mw22_SNG01490.json_2,SNG01490.json,2,"Addenbrookes Hospital is located at Hills Rd, Cambridge in postcode CB20QQ.",Ok thank you for the information.,dhiraajd,initial,,SOCIAL,,dhiraajd_annotation.xlsx
mw22_MUL1457.json_14,MUL1457.json,14,Do you need help with anything else?,"I'm good, thanks for your help!",dhiraajd,initial,,SOCIAL,,dhiraajd_annotation.xlsx
mw22_PMUL3358.json_16,PMUL3358.json,16,Your booking was successful. Your reference number is 1RIY72MY .,"great, that's all i need thanks",dhiraajd,initial,,SOCIAL,,dhiraajd_annotation.xlsx
mw22_PMUL3138.json_4,PMUL3138.json,4,"Okay, I recommend City Stop Restaurant. What time would you like the reservation for and for how many people?",I'd like to make reservations for 7 people at 11:15 on Friday please.,dhiraajd,initial,,INFORM_CONSTRAINT,,dhiraajd_annotation.xlsx
mw22_PMUL0373.json_20,PMUL0373.json,20,"I booked you at cityroomz your confirmation number is MM913RGM, anything else today?","Please have a taxi take me from my hotel to the restaurant, arriving in time for my reservation. And give me the booking info",dhiraajd,initial,,REQUEST,,dhiraajd_annotation.xlsx
mw22_PMUL4568.json_6,PMUL4568.json,6,"Okay, I was able to get you the booking. Your reference number is SQ6GX5Q5 . Can I help you with anything else?","Yes, I'm also looking for a restaurant called the rice boat.",dhiraajd,initial,,REQUEST,,dhiraajd_annotation.xlsx
mw22_MUL2043.json_10,MUL2043.json,10,"Actually, they both do offer free wifi and free parking. Alexander bed and breakfast is a guesthouse and the University Arms hotel is a hotel type. Do you have preference?",I'd prefer a hotel. Can you book that for 6 people and 3 nights?,dhiraajd,initial,,REQUEST,,dhiraajd_annotation.xlsx
mw22_MUL0864.json_6,MUL0864.json,6,Yes. The curry garden is expensive. Would you like me to book you a table there?,Is this located in the centre area?,dhiraajd,initial,,REQUEST,,dhiraajd_annotation.xlsx
mw22_PMUL4349.json_4,PMUL4349.json,4,Sure! I've booked you at Fitzbillies at 11:45 on Sunday for 5. Your reference number is Y5EX13L7 . Is there anything else I can help you with?,Great can you also help me get a train? I'm looking to go to ely and arrive by 21:30,dhiraajd,initial,,REQUEST,,dhiraajd_annotation.xlsx
mw22_PMUL2954.json_12,PMUL2954.json,12,"Please show me a moderately priced hotel nearby, and please make sure it includes free wifi and parking.",I need a moderately priced hotel with free parking and wifi.,dhiraajd,initial,,INFORM_CONSTRAINT,,dhiraajd_annotation.xlsx
mw22_PMUL1791.json_18,PMUL1791.json,18,There are two hotels that meet your needs. I highly suggest the Cambridge Belfry. Yes there is public transportation.,Let's go with that. What's the address?,dhiraajd,initial,,REQUEST,,dhiraajd_annotation.xlsx
mw22_PMUL2469.json_4,PMUL2469.json,4,"Sure, I can help you with that. Was there a particular area of town you were looking at?",I will take your recommendation for one. Could you provide me with the address and area of the one you choose?,dhiraajd,initial,,REQUEST,,dhiraajd_annotation.xlsx
mw22_PMUL4414.json_22,PMUL4414.json,22,I have booked a black volvo arriving at midsummer house restaurant by 12:30 on Wednesday and their contact number is 07420307177.,"Thank you, thats all need today.",dhiraajd,initial,,SOCIAL,,dhiraajd_annotation.xlsx
mw22_MUL0094.json_10,MUL0094.json,10,The alexander bed and breakfast is the only cheap 4 star place in the centre of town. Will a guesthouse instead of a hotel work for you?,Yes could you reserve that for me for 2 nights from Thursday for 3 people. I will need a reference number as well.,dhiraajd,initial,,CONFIRM_ACCEPT,,dhiraajd_annotation.xlsx
mw22_PMUL0740.json_18,PMUL0740.json,18,"Booking was successful, the total fee is 47.2 GBP payable at the station . Reference number is : 70AAB5NT .",That would be all for today,dhiraajd,initial,,SOCIAL,,dhiraajd_annotation.xlsx
mw22_PMUL2060.json_10,PMUL2060.json,10,There number is 01223307402,I also need to book a taxi to get from the restaurant to the museum. I plan on leaving the restaurant by 14:00.,dhiraajd,initial,,REQUEST,,dhiraajd_annotation.xlsx
mw22_MUL2379.json_6,MUL2379.json,6,I'm sorry neither restaurant has an available table would you like to try another day or time?,Can you try another restaurant?,dhiraajd,initial,,REQUEST,,dhiraajd_annotation.xlsx
mw22_MUL2346.json_10,MUL2346.json,10,I would recommend the Backstreet Bistro. Their address is 2 Sturton Street City Centre,"Great, that's all I needed to know.",dhiraajd,initial,,SOCIAL,,dhiraajd_annotation.xlsx
mw22_MUL0281.json_8,MUL0281.json,8,"Don Pasquale Pizzeria's phone number is 01223350106, what date, time, and number of people would you like to book?",That's all the info I need on the pizzeria. I also need a train to leave after 20:15 and depart from stansted airport.,dhiraajd,initial,,REQUEST,,dhiraajd_annotation.xlsx
mw22_PMUL3951.json_14,PMUL3951.json,14,Your booking was successful. Your reference number is 3VX3AOKS .,Thanks for everything you have been great!,dhiraajd,initial,,SOCIAL,,dhiraajd_annotation.xlsx
mw22_PMUL0168.json_6,PMUL0168.json,6,"Yes, I'd be happy to help. So for Wednesday, how many people for the reservation and what time would you like?",I will need it for four people please.,dhiraajd,initial,,INFORM_CONSTRAINT,,dhiraajd_annotation.xlsx
mw22_PMUL4803.json_8,PMUL4803.json,8,Which of the 2 hotels should I book for you?,How about the Ashley Hotel?,dhiraajd,initial,,INFORM_CONSTRAINT,,dhiraajd_annotation.xlsx
mw22_SNG02215.json_2,SNG02215.json,2,"Addenbrookes Hospital is located at Hills Rd, Cambridge. Is there a particular department you're looking for?","No, but I do need the hospital's postcode, please.",dhiraajd,initial,,REQUEST,,dhiraajd_annotation.xlsx
mw22_MUL1319.json_4,MUL1319.json,4,Can I help you with anything else?,"No, thank you!",dhiraajd,initial,,SOCIAL,,dhiraajd_annotation.xlsx
mw22_PMUL3420.json_8,PMUL3420.json,8,I have many in that price range. Would you like me to choose for you?,yes reserve a table for 1 at 19:30 on sunday please,dhiraajd,initial,,REQUEST,,dhiraajd_annotation.xlsx
mw22_PMUL2434.json_2,PMUL2434.json,2,Sure. There are 23 different museums in the city. Is there an area of town or type of museum you were most interested in?,I don't have a preference. Can you please recommend one?,dhiraajd,initial,,REQUEST,,dhiraajd_annotation.xlsx
mw22_PMUL0400.json_16,PMUL0400.json,16,"Yes, I've booked a taxi for you, a black honda will be waiting to pick you up before 11:30, call it at 07651690820 if you have any further questions.",Thanks that would be it for today,dhiraajd,initial,,SOCIAL,,dhiraajd_annotation.xlsx
mw22_PMUL3246.json_10,PMUL3246.json,10,There is. How does Nandos City Centre sound?,Sounds great if it is portuguese. I'll take a reservation for 7 people at 20:00 for the same day.,dhiraajd,initial,,CONFIRM_ACCEPT,,dhiraajd_annotation.xlsx
mw22_PMUL3127.json_6,PMUL3127.json,6,Your booking was successful. The total fee is 30.72 GBP payable at the station. Your reference number is 4R9DOBKH . Can I help you with anything else?,Yes I need information on whipple museum of the history of science.,dhiraajd,initial,,REQUEST,,dhiraajd_annotation.xlsx
mw22_PMUL3394.json_16,PMUL3394.json,16,i would suggest graffiti,"OK, that sounds good. The same group of people will be dining on the same day that we arrive. Can you book a table for 15:30?",dhiraajd,initial,,REQUEST,,dhiraajd_annotation.xlsx
mw22_SSNG0233.json_8,SSNG0233.json,8,Sorry no rooms available. How about another hotel?,Can you try another hotel in the same price range?,dhiraajd,initial,,REQUEST,,dhiraajd_annotation.xlsx
mw22_PMUL4724.json_12,PMUL4724.json,12,Okay what time do you need the taxi?,I want to leave the hotel by 20:00.,dhiraajd,initial,,INFORM_CONSTRAINT,,dhiraajd_annotation.xlsx
mw22_MUL2588.json_12,MUL2588.json,12,Christ's College postcode is cb23bu and address is saint andrew's street,"Thank you. Also, what is the entrance fee if any?",dhiraajd,initial,,REQUEST,,dhiraajd_annotation.xlsx
mw22_SNG1397.json_4,SNG1397.json,4,There are 5 located in the centre. Would you prefer one that is free?,Sure! Which one do you recommend?,dhiraajd,initial,,REQUEST,,dhiraajd_annotation.xlsx
mw22_PMUL4669.json_2,PMUL4669.json,2,"If you'll be in the north, I recommend taking a ride on the Riverboat Georgina.",What is the postcode?,dhiraajd,initial,,REQUEST,,dhiraajd_annotation.xlsx
mw22_SNG01427.json_6,SNG01427.json,6,"I have confirmed you booking, a yellow volvo will pick you up.","What is the contact number, please?",dhiraajd,initial,,REQUEST,,dhiraajd_annotation.xlsx
mw22_PMUL2792.json_18,PMUL2792.json,18,When do you need to leave?,"I need to leave Old Schools by 15:30, please.",dhiraajd,reannotation,zajkeskn,INFORM_CONSTRAINT,time constraint,dhiraajd_annotation.xlsx
mw22_PMUL2130.json_18,PMUL2130.json,18,"Ok in order to book a taxi I need the travel time, departure location and arrival destination.",Book taxi to go to taj tandoori restaurant. I need to arrive by 11:15 on Saturday.,dhiraajd,reannotation,zajkeskn,REQUEST,,dhiraajd_annotation.xlsx
mw22_PMUL3820.json_4,PMUL3820.json,4,"If you can't tell me what type of attractions you're looking for, I will pick the first option on the list: All Saint's Church in the centre, admission is free.","That's some recommendation. Can you at least tell me the phone number too, like I asked?",dhiraajd,reannotation,zajkeskn,REQUEST,,dhiraajd_annotation.xlsx
mw22_MUL0418.json_4,MUL0418.json,4,"Yes, TR4669 goes from peterborough to cambridge on Thursday. Would you like to book tickets on this train?",Yes I would like tickets for 2 people and the reference number please.,dhiraajd,reannotation,zajkeskn,CONFIRM_ACCEPT,yes to booking,dhiraajd_annotation.xlsx
mw22_SSNG0317.json_2,SSNG0317.json,2,I have found the Warkworth House located in the East. It is 4 stars and is in the moderate price range. May I book it for you?,"Yes, please. I need a reservation for 5 nights starting Wednesday. There will be 4 people.",dhiraajd,reannotation,zajkeskn,CONFIRM_ACCEPT,,dhiraajd_annotation.xlsx
mw22_MUL1849.json_6,MUL1849.json,6,I would recommend architecture and there are many places to visit and see great architecture.,"Can I get the postcode, address of a great architecture place to visit please?",dhiraajd,reannotation,zajkeskn,REQUEST,,dhiraajd_annotation.xlsx
mw22_PMUL3089.json_4,PMUL3089.json,4,"There are 38 trains that can get you there, what time would you like to leave or arrive by?",i want to leave after 13:00,dhiraajd,reannotation,zajkeskn,INFORM_CONSTRAINT,,dhiraajd_annotation.xlsx
mw22_PMUL1357.json_12,PMUL1357.json,12,"TR7024 is the first train after 10:30 it leaves after 11:21, would you like me to book you?",That's fine I need 4 tix and the ref #,dhiraajd,reannotation,zajkeskn,CONFIRM_ACCEPT,,dhiraajd_annotation.xlsx
mw22_PMUL3494.json_10,PMUL3494.json,10,There are no expensive Italian places in the West. Is there another area I may check?,No just choose another type of expensive place to dine for me and book a table at 13:15 for 8 people from Monday.,dhiraajd,reannotation,zajkeskn,CORRECT_CLARIFY,,dhiraajd_annotation.xlsx
mw22_MUL2162.json_4,MUL2162.json,4,I see several trains. When would you like to leave?,I need a price and make sure it arrives by 16:00.,dhiraajd,reannotation,zajkeskn,REQUEST,,dhiraajd_annotation.xlsx
mw22_SNG0925.json_8,SNG0925.json,8,Okay. You're booked. Your reference number is 3A23GV4H . Anything else?,That's all I needed. Thanks!,dhiraajd,reannotation,zajkeskn,SOCIAL,,dhiraajd_annotation.xlsx
mw22_PMUL4115.json_2,PMUL4115.json,2,"Alright, how can I help you today?",I'd like a train from London Liverpool Street on Sunday,dhiraajd,reannotation,zajkeskn,REQUEST,,dhiraajd_annotation.xlsx
mw22_PMUL3664.json_2,PMUL3664.json,2,Ok.. where will you be departing from?,The train should depart from Ely and arrive at Cambridge.,dhiraajd,reannotation,zajkeskn,INFORM_CONSTRAINT,,dhiraajd_annotation.xlsx
mw22_PMUL0619.json_8,PMUL0619.json,8,"How many people would you like to reserve a table for? And, what time and day would you like to make the reservation?",for seven people on wednesday.,dhiraajd,reannotation,zajkeskn,INFORM_CONSTRAINT,,dhiraajd_annotation.xlsx
mw22_PMUL0003.json_2,PMUL0003.json,2,Do you know the name of it? I can try and find it for you.,The good luck Chinese takeaway.,dhiraajd,reannotation,zajkeskn,INFORM_CONSTRAINT,,dhiraajd_annotation.xlsx
mw22_SNG01841.json_2,SNG01841.json,2,Your looking at the trainID of TR5767 or TR2000 depending on your time,The train should go to stansted airport and should arrive by 21:30.,dhiraajd,reannotation,zajkeskn,INFORM_CONSTRAINT,,dhiraajd_annotation.xlsx
mw22_MUL1040.json_8,MUL1040.json,8,Your booking was a success! Your reference number is 49JMGAFP . Can I help you with anything else?,That's all I needed. Thank you!,dhiraajd,reannotation,zajkeskn,SOCIAL,,dhiraajd_annotation.xlsx
mw22_PMUL2892.json_10,PMUL2892.json,10,Might I recommend the Autumn House. It is 4 star rated and just underwent remodeling. It is quite a place to stay. Can I reserve you a room?,Is that an actual hotel? I don't like guesthouses.,dhiraajd,reannotation,zajkeskn,CORRECT_CLARIFY,,dhiraajd_annotation.xlsx
mw22_MUL0514.json_12,MUL0514.json,12,"Sure, Vue Cinema the phone number is 08712240240. I don't have the entrance fee information. And I do confirm that it is a Cinema type attraction.",Thank you for all your help today.,dhiraajd,reannotation,zajkeskn,SOCIAL,,dhiraajd_annotation.xlsx
mw22_MUL0538.json_12,MUL0538.json,12,Trinity college has an entrance fee of 1 pound.,"Okay, that sounds good. Thank you for your help!",dhiraajd,reannotation,zajkeskn,SOCIAL,,dhiraajd_annotation.xlsx
mw22_SSNG0022.json_8,SSNG0022.json,8,"There are no other Spanish places in that area, another area or type perhaps?","Any in the same area, and price range please.",dhiraajd,reannotation,zajkeskn,REQUEST,,dhiraajd_annotation.xlsx
mw22_PMUL2148.json_14,PMUL2148.json,14,"Ok! Their address is 191 Histon Road, Chesterton and the phone number is 01223350688.",Can you book me a table for 6 people at 18:45 on Saturday?,dhiraajd,reannotation,zajkeskn,REQUEST,,dhiraajd_annotation.xlsx
mw22_MUL0609.json_10,MUL0609.json,10,"They do indeed have parking and their location is 4 mowbray road. I can book this for you if you'd like, I just need to know details about your stay.","That's all the info I need about the guesthouse, but I also need to book a train leaving on Friday.",dhiraajd,reannotation,zajkeskn,REQUEST,,dhiraajd_annotation.xlsx
mw22_PMUL2950.json_2,PMUL2950.json,2,What price range and in what area?,"I don't care about price, but I'd like to stay in the south. I do like guesthouses better than hotels.",dhiraajd,reannotation,zajkeskn,INFORM_CONSTRAINT,,dhiraajd_annotation.xlsx
mw22_SNG01337.json_2,SNG01337.json,2,ow about Ashbury Lodge Guesthouse it is moderately priced and located at 82 Arbury Road CB4 2JE (Phone: 01223364319),Does this guesthouse include free wifi?,dhiraajd,reannotation,zajkeskn,REQUEST,,dhiraajd_annotation.xlsx
mw22_SNG0651.json_6,SNG0651.json,6,We are happy to help. Have all of your needs been met?,Indeed they have.,dhiraajd,reannotation,zajkeskn,SOCIAL,,dhiraajd_annotation.xlsx
mw22_PMUL3786.json_16,PMUL3786.json,16,And how many people will be staying there?,1 person will be staying.,dhiraajd,reannotation,zajkeskn,INFORM_CONSTRAINT,,dhiraajd_annotation.xlsx
mw22_PMUL2316.json_4,PMUL2316.json,4,"Of course, one of my favorites is Fitzbillies Restaurant at 51 Trumpington Street City Centre. May I book you a table?","Yes, please. It'll be for 2 people on Saturday at 12:00.",dhiraajd,reannotation,zajkeskn,CONFIRM_ACCEPT,,dhiraajd_annotation.xlsx
mw22_PMUL1231.json_2,PMUL1231.json,2,Yes I can. Would you like the phone number or address?,"Yes, please. I need the area and phone number.",dhiraajd,reannotation,zajkeskn,REQUEST,,dhiraajd_annotation.xlsx
mw22_PMUL4111.json_10,PMUL4111.json,10,There are five options to choose from. I can recommend the restaurant cocum to you if you'd like,That sounds good. Can you reserve a table for 3 people at 16:45 on friday? And tell me my reference number,dhiraajd,reannotation,zajkeskn,REQUEST,,dhiraajd_annotation.xlsx
mw22_MUL1354.json_18,MUL1354.json,18,I have booked your ride. Your car type is a black Honda and your contact number is 07917232532. Is there anything else you need?,No that will be all thank you.,dhiraajd,reannotation,zajkeskn,SOCIAL,,dhiraajd_annotation.xlsx
mw22_SSNG0097.json_6,SSNG0097.json,6,"Unfortunately, the restaurant is booked. Would you like to try another restaurant?","Yes. Something in the same area and same pricerange, please.",dhiraajd,reannotation,zajkeskn,REQUEST,,dhiraajd_annotation.xlsx
mw22_MUL0011.json_18,MUL0011.json,18,Non of the hotels were available for 2 nights starting on Friday. Would you prefer another date or area.,Can you book me a room for 1 night instead?,dhiraajd,reannotation,zajkeskn,REQUEST,,dhiraajd_annotation.xlsx
mw22_SNG0673.json_2,SNG0673.json,2,That is a great cheap restaurant located in the city centre. Would you like a reservation?,Yes please 2 people at 16:45 on tuesday,dhiraajd,reannotation,zajkeskn,CONFIRM_ACCEPT,,dhiraajd_annotation.xlsx
mw22_MUL0943.json_6,MUL0943.json,6,The entrance fee is free.,Free is the best price! I'll probably be hungry after the museum. Are there any moderately priced Italian restaurants around?,dhiraajd,reannotation,zajkeskn,REQUEST,,dhiraajd_annotation.xlsx
mw22_PMUL1722.json_14,PMUL1722.json,14,What would you like to know?,Does it have free wifi?,dhiraajd,reannotation,zajkeskn,REQUEST,,dhiraajd_annotation.xlsx
mw22_SNG02087.json_4,SNG02087.json,4,Which department are you looking for so I can give you the correct phone number?,I need the paediatric clinic please.,dhiraajd,reannotation,zajkeskn,INFORM_CONSTRAINT,,dhiraajd_annotation.xlsx
mw22_PMUL4411.json_8,PMUL4411.json,8,corpus christi is very popular. It is located in the town centre. The number is 01223338000. Can I help with anything else?,"That's all I needed to know, thanks for your help!",dhiraajd,reannotation,zajkeskn,SOCIAL,,dhiraajd_annotation.xlsx
mw22_PMUL4217.json_12,PMUL4217.json,12,Ok. There are 14 in cambridge. Let's narrow that down a bit. Would you prefer a hotel or guesthouse?,Definitely a hotel.,dhiraajd,reannotation,zajkeskn,INFORM_CONSTRAINT,,dhiraajd_annotation.xlsx
mw22_MUL2012.json_4,MUL2012.json,4,"Okay. First, let's find out you're departing from.",I will be departing from stevenage and going to cambridge.,dhiraajd,reannotation,zajkeskn,INFORM_CONSTRAINT,,dhiraajd_annotation.xlsx
mw22_MUL2607.json_8,MUL2607.json,8,Alexander B & B has both free wifi and parking. It also has 4 stars! Would you like to make a booking there?,"Yes, please. For 6 people for 3 nights starting on tuesday",dhiraajd,reannotation,zajkeskn,CONFIRM_ACCEPT,,dhiraajd_annotation.xlsx
mw22_PMUL2477.json_10,PMUL2477.json,10,Sure the address is saint andrew's street and the phone number is 01223334900.,thank you for your help!,dhiraajd,reannotation,zajkeskn,SOCIAL,,dhiraajd_annotation.xlsx
mw22_PMUL4586.json_8,PMUL4586.json,8,"The price per ticket is 60.08 pounds, how many travelers will be requiring tickets?",No tickets yet. But I do need info on a swimming pool in the north. I you could recommend one?,dhiraajd,reannotation,zajkeskn,REQUEST,,dhiraajd_annotation.xlsx
mw22_PMUL4713.json_18,PMUL4713.json,18,Your booking was successful. The reference number is PX6XVGSJ . Can I help with anything else today?,"Thank you, I would like to reserve a taxi around 22:45, Who can I contact and what type of car can I expect?",dhiraajd,reannotation,zajkeskn,REQUEST,,dhiraajd_annotation.xlsx
mw22_PMUL3039.json_6,PMUL3039.json,6,The autumn house is a cheap guesthouse located in postcode cb58rs. The phone number is: 01223575122. Are you sure I can't help you with a reservation?,No thank you. Could you tell me about Russian restaurants in the east?,dhiraajd,reannotation,zajkeskn,REQUEST,,dhiraajd_annotation.xlsx
mw22_PMUL4785.json_14,PMUL4785.json,14,Sure. Soul Tree Nightclub is a nightclub attraction. The entrance fee is 4 pounds.,Thank you so much for your help. That was all I needed.,zajkeskn,initial,,CONFIRM_ACCEPT,,zajkeskn_annotation.xlsx
mw22_PMUL2386.json_2,PMUL2386.json,2,"I found no multiple sports in the centre, do you have another attraction type?",How about a museum in the centre?,zajkeskn,initial,,INFORM_CONSTRAINT,,zajkeskn_annotation.xlsx
mw22_MUL0735.json_8,MUL0735.json,8,Ok. I will book the TR6009 for you. How many tickets should I book?,Just one please.,zajkeskn,initial,,INFORM_CONSTRAINT,,zajkeskn_annotation.xlsx
mw22_WOZ20382.json_2,WOZ20382.json,2,"There are two spanish restaurants, both of which are in the town center. La raza is rated cheap, la tasca is rated moderately priced. Please choose one of those options.","I don't have a preference, please make a suggestion.",zajkeskn,initial,,INFORM_CONSTRAINT,,zajkeskn_annotation.xlsx
mw22_PMUL0612.json_2,PMUL0612.json,2,"I'm sorry, I haven't found anything. Are there other cuisines you're interested in?",I would like Chinese food.,zajkeskn,initial,,INFORM_CONSTRAINT,,zajkeskn_annotation.xlsx
mw22_MUL2562.json_8,MUL2562.json,8,"The Acorn Guest House, on 154 chesterton road is available, shall I book it for you?",Does it have free wifi?,zajkeskn,initial,,REQUEST,,zajkeskn_annotation.xlsx
mw22_MUL1134.json_12,MUL1134.json,12,The postcode is cb12jb and the phone number is 07782218745.,Thanks. Can you book me a taxi to go from the hotel to the club? I want to leave by 5:45.,zajkeskn,initial,,REQUEST,,zajkeskn_annotation.xlsx
mw22_SNG0437.json_6,SNG0437.json,6,The TR2512 leaves london kings cross at 13:17 and arrives cambridge at 14:08. It's price is 23.60 pounds per person. Shall I book it?,Yes please. I would like 5 tickets please.,zajkeskn,initial,,REQUEST,,zajkeskn_annotation.xlsx
mw22_PMUL0280.json_12,PMUL0280.json,12,There are two hotels in the same area as the restaurant and meet your requirements. What is the price range you are looking for?,I am looking for price range that is not cheap or expensive.,zajkeskn,initial,,INFORM_CONSTRAINT,,zajkeskn_annotation.xlsx
mw22_MUL1821.json_14,MUL1821.json,14,Okay. Enjoy your journey.,I will. Have a nice day. Bye.,zajkeskn,initial,,SOCIAL,,zajkeskn_annotation.xlsx
mw22_SNG0997.json_6,SNG0997.json,6,"Sure, I can book the Bridge Guest House. How many people will be staying with you and when will you be arriving and leaving?",I need to book for 6 people starting Saturday and staying 3 nights.,zajkeskn,initial,,REQUEST,,zajkeskn_annotation.xlsx
mw22_PMUL0309.json_8,PMUL0309.json,8,University Hotel is on Regent Street and is 4 star.,"I want hotel with free parking also it will be for 4 people, 2 nights starting Wednesday.",zajkeskn,initial,,INFORM_CONSTRAINT,,zajkeskn_annotation.xlsx
mw22_MUL0859.json_6,MUL0859.json,6,I found the place you are looking for! Club Salsa is located at 1 station road. Would you like help with anything else?,"Yes I also will need the entrance fee for Club Salsa, and what type of attraction is that?",zajkeskn,initial,,REQUEST,,zajkeskn_annotation.xlsx
mw22_MUL0365.json_4,MUL0365.json,4,"There is a Train, TR572 that departs from london kings cross Monday at 11:17","Perfect. I'd like to be on that train. TR572, is that the train ID?",zajkeskn,initial,,CORRECT_CLARIFY,,zajkeskn_annotation.xlsx
mw22_SNG1188.json_8,SNG1188.json,8,Glad I could help. Do you need anymore assistance?,"No, that is all for today. Thank you",zajkeskn,initial,,SOCIAL,,zajkeskn_annotation.xlsx
mw22_MUL1753.json_8,MUL1753.json,8,There are 44 attractions in City Centre. Is there a particular type you want to visit?,Do you have any swimming pools?,zajkeskn,initial,,INFORM_CONSTRAINT,,zajkeskn_annotation.xlsx
mw22_PMUL0122.json_4,PMUL0122.json,4,"jinling noodle bar is a chinese restaurant in the centre, 11 Peas Hill City Centre",That sounds great! Can you see if there's a table for 3 available at 16:00 on Monday?,zajkeskn,initial,,REQUEST,,zajkeskn_annotation.xlsx
mw22_PMUL2360.json_2,PMUL2360.json,2,Sure! Yu Garden serves Chinese food on the Eastside. It's prices range toward the expensive side. Would you like more information?,I would like to book a table for saturday,zajkeskn,initial,,REQUEST,,zajkeskn_annotation.xlsx
mw22_PMUL3936.json_8,PMUL3936.json,8,I was able to book your room. Your reference number is W7ML67QB . Can I help you with anything else?,"Yes, I'm also looking for a place called the midsummer house restaurant.",zajkeskn,initial,,REQUEST,,zajkeskn_annotation.xlsx
mw22_MUL2012.json_4,MUL2012.json,4,"Okay. First, let's find out you're departing from.",I will be departing from stevenage and going to cambridge.,zajkeskn,initial,,INFORM_CONSTRAINT,,zajkeskn_annotation.xlsx
mw22_PMUL4096.json_8,PMUL4096.json,8,the lensfield hotel is a 3 stars and is located in the south,no i wanted a 4 star hotel,zajkeskn,initial,,CORRECT_CLARIFY,,zajkeskn_annotation.xlsx
mw22_PMUL1053.json_8,PMUL1053.json,8,What area would you like to be in?,I do not care. I would just like some info on the one you think is best.,zajkeskn,initial,,INFORM_CONSTRAINT,,zajkeskn_annotation.xlsx
mw22_SNG01453.json_8,SNG01453.json,8,"Alright, I have you booked, you will be expecting a grey audi, contact number 07461616519, arriving after 15:45. Is there anything else I can assist you with?",No. That's it thanks!,zajkeskn,initial,,SOCIAL,,zajkeskn_annotation.xlsx
mw22_PMUL3135.json_14,PMUL3135.json,14,You're welcome. I hope you can decide soon.,Thank you for your time.,zajkeskn,initial,,SOCIAL,,zajkeskn_annotation.xlsx
mw22_PMUL3339.json_10,PMUL3339.json,10,The entrance fee is unknown.,"Ok if you read carefully, I also asked for the phone number please.",zajkeskn,initial,,CORRECT_CLARIFY,,zajkeskn_annotation.xlsx
mw22_PMUL0625.json_4,PMUL0625.json,4,There are no vegetarian options in the area.,"Okay, what about international food?",zajkeskn,initial,,INFORM_CONSTRAINT,,zajkeskn_annotation.xlsx
mw22_SSNG0164.json_10,SSNG0164.json,10,No I am sorry. But there is a Portuguese restaurant if you are interested.,Okay I guess. Try booking there please.,zajkeskn,initial,,REQUEST,,zajkeskn_annotation.xlsx
mw22_PMUL1312.json_16,PMUL1312.json,16,Train TR4664 leaves at 21:29 and arrives at 22:07.,Isn't there a train that leaves closer to 13:00?,zajkeskn,initial,,INFORM_CONSTRAINT,,zajkeskn_annotation.xlsx
mw22_PMUL1651.json_2,PMUL1651.json,2,I'm sorry there are no 5 star hotels in the area. Are there any hotels I can help you find?,"Truly? I'm sorry, I'm just surprised Cambridge doesn't have a 5 star hotel. Well, I need something moderately priced.",zajkeskn,initial,,REQUEST,,zajkeskn_annotation.xlsx
mw22_PMUL0573.json_8,PMUL0573.json,8,I have 33 restaurants available. Do you have a type of food preference?,Do you have anything that serves modern european food?,zajkeskn,initial,,INFORM_CONSTRAINT,,zajkeskn_annotation.xlsx
mw22_PMUL3664.json_2,PMUL3664.json,2,Ok.. where will you be departing from?,The train should depart from Ely and arrive at Cambridge.,zajkeskn,initial,,INFORM_CONSTRAINT,,zajkeskn_annotation.xlsx
mw22_PMUL3175.json_4,PMUL3175.json,4,One of the best Indian restaurants in all of Cambridge - Tandoori Palace - is in the west. Would you like to book a table there?,"Yes, for 6 at 13:00 on tuesday. Thank you.",zajkeskn,initial,,REQUEST,,zajkeskn_annotation.xlsx
mw22_PMUL3162.json_4,PMUL3162.json,4,Saint Johns Chop House is a moderately-priced British restaurant on the west side. Would you like to book a table there?,"No, I don't need a reservation right now, just their phone number.",zajkeskn,initial,,CORRECT_CLARIFY,,zajkeskn_annotation.xlsx
mw22_MUL2156.json_6,MUL2156.json,6,Certainly. Any ticket on that route is going to cost 16.60 pounds.,I'm also looking for a hotel to stay that has a star of 0 in the expensive price range.,zajkeskn,initial,,INFORM_CONSTRAINT,,zajkeskn_annotation.xlsx
mw22_WOZ20372.json_6,WOZ20372.json,6,"Golden wok serves Chinese food, is located in the north part of the city and in the moderate price range.",What is the phone number and address?,zajkeskn,initial,,REQUEST,,zajkeskn_annotation.xlsx
mw22_PMUL3790.json_2,PMUL3790.json,2,what about the bridge guest house,"Okay, does it have 4 stars and does it include free wifi?",zajkeskn,initial,,INFORM_CONSTRAINT,,zajkeskn_annotation.xlsx
mw22_PMUL4797.json_12,PMUL4797.json,12,"I'm afraid that I didn't find any restaurants matching your criteria. Would you like to try a different type of cuisine, or a different part of town?",are there any indonesian restaurants elsewhere?,zajkeskn,initial,,INFORM_CONSTRAINT,,zajkeskn_annotation.xlsx
mw22_SNG01894.json_4,SNG01894.json,4,Absolutely! The postcode is CB11JG.,"Thanks, that's all. Good bye.",zajkeskn,initial,,SOCIAL,,zajkeskn_annotation.xlsx
mw22_SNG0302.json_4,SNG0302.json,4,I have a train that departs Cambridge on Tuesday at 12:34 and will get you to Peterborough at 13:24 exactly. Would you like me to book that seat for you?,"Yes, please! I need 6 seats.",zajkeskn,initial,,CONFIRM_ACCEPT,,zajkeskn_annotation.xlsx
mw22_MUL0837.json_12,MUL0837.json,12,"I certainly can when and where will you be leaving from, and where would you like to go?",I'd like a taxi from Junction Theatre to our restaurant. Please make sure it will arrive in time for our reservations.,zajkeskn,initial,,REQUEST,,zajkeskn_annotation.xlsx
mw22_PMUL0453.json_26,PMUL0453.json,26,How many people will be staying at the hotel?,"4 please, for 4 nights, starting on Sunday.",zajkeskn,initial,,INFORM_CONSTRAINT,,zajkeskn_annotation.xlsx
mw22_PMUL4340.json_6,PMUL4340.json,6,I do not have that information their telephone number however is 0122336265,I also need a hotel.,zajkeskn,initial,,CORRECT_CLARIFY,,zajkeskn_annotation.xlsx
mw22_MUL2635.json_20,MUL2635.json,20,Can you specify your destination?,I want to go from the Allenbell to the Cafe Jello Gallery. I want to leave the museum by 23:00.,zajkeskn,initial,,REQUEST,,zajkeskn_annotation.xlsx
mw22_MUL2118.json_4,MUL2118.json,4,The first train leaves peterborough at 05:19 the last leaves at 07:19 would you like tickets?,"Yes, for 8 people please.",zajkeskn,initial,,REQUEST,,zajkeskn_annotation.xlsx
mw22_SNG0052.json_4,SNG0052.json,4,The car is a blue Honda and the contact number is 07344292445. Anything else I can help with?,Nope. That'll be it.,zajkeskn,initial,,SOCIAL,,zajkeskn_annotation.xlsx
mw22_WOZ20089.json_2,WOZ20089.json,2,There are two Indian and one Italian restaurant. Which would you prefer?,"The Italian place and the address, please.",zajkeskn,initial,,REQUEST,,zajkeskn_annotation.xlsx
mw22_PMUL2358.json_2,PMUL2358.json,2,Yes we have 9 Italian restaurants in that area. Do yo have a price range you'd like to stick to?,No price range but can you check in the centre of town?,zajkeskn,initial,,INFORM_CONSTRAINT,,zajkeskn_annotation.xlsx
mw22_MUL0873.json_18,MUL0873.json,18,"I am very sorry, our system was giving me an error, but I have managed to book your party of 5 at 16:45 on Tuesday. Your reference number is XRR7UTLU . Is there anything else I can help with?",Yes I will also need a taxi to commute between the two places.,zajkeskn,initial,,REQUEST,,zajkeskn_annotation.xlsx
mw22_PMUL4500.json_14,PMUL4500.json,14,"There are several restaurants, what type of food and price range?",Indian food would be great.,zajkeskn,initial,,INFORM_CONSTRAINT,,zajkeskn_annotation.xlsx
mw22_SNG0070.json_2,SNG0070.json,2,Hello! Where is the destination?,"I need to go to Lynne Strover Gallery, please.",zajkeskn,initial,,REQUEST,,zajkeskn_annotation.xlsx
mw22_MUL2396.json_6,MUL2396.json,6,How about the Cambridge Museum of Technology at The Old Pumping Station on Cheddars Lane?,That sounds great! Can you give me their postcode and phone number?,zajkeskn,initial,,REQUEST,,zajkeskn_annotation.xlsx
mw22_MUL0125.json_22,MUL0125.json,22,We are happy to help. Thank you for using our service. Have all of your needs been met?,"Yes, they have. Thanks. Have a nice day.",zajkeskn,initial,,CONFIRM_ACCEPT,,zajkeskn_annotation.xlsx
mw22_SNG0198.json_4,SNG0198.json,4,"No, their direct number is 01223216881.",Thank you that is all I need.,zajkeskn,initial,,SOCIAL,,zajkeskn_annotation.xlsx
mw22_MUL0989.json_4,MUL0989.json,4,"Sure! The Broughton House Gallery is located at 98 King Street, cb11ln. It's free to get in!",Can you also help me find a restaurant that is in the centre as well? I would like one that serves European food.,zajkeskn,initial,,REQUEST,,zajkeskn_annotation.xlsx
mw22_MUL1236.json_18,MUL1236.json,18,What will your destination be?,I want a taxi back to my hotel. Please provide me a contact number and the car type.,zajkeskn,initial,,REQUEST,,zajkeskn_annotation.xlsx
mw22_MUL1471.json_12,MUL1471.json,12,I have you booked for 7 people on Wednesday at 20:00 at Prezzo.,I also need the reference number.,zajkeskn,initial,,CORRECT_CLARIFY,,zajkeskn_annotation.xlsx
mw22_PMUL3944.json_12,PMUL3944.json,12,"Absolutely. It's an expensive 4 star hotel that offers free wifi and free parking. The hotel is located at kingfisher way, hinchinbrook business park, huntingdon. Can I book it for you?","Can you book it for me. From Thursday, for 2 nights and 3 people.",zajkeskn,initial,,REQUEST,,zajkeskn_annotation.xlsx
mw22_PMUL2892.json_10,PMUL2892.json,10,Might I recommend the Autumn House. It is 4 star rated and just underwent remodeling. It is quite a place to stay. Can I reserve you a room?,Is that an actual hotel? I don't like guesthouses.,zajkeskn,initial,,CORRECT_CLARIFY,,zajkeskn_annotation.xlsx
mw22_PMUL1779.json_2,PMUL1779.json,2,I like acorn guest house. Need me to book a room?,Can you tell me more about the Acorn guest house before we look at booking. I'm looking for a moderately priced room and some other amenities.,zajkeskn,initial,,REQUEST,,zajkeskn_annotation.xlsx
mw22_PMUL2801.json_10,PMUL2801.json,10,"You're welcome, can I assist you with anything else?","No, that's all I need for today. Thank you so much.",zajkeskn,initial,,SOCIAL,,zajkeskn_annotation.xlsx
mw22_PMUL1027.json_6,PMUL1027.json,6,I was able to book 3 tickets it will be 45.24 GBP you can pay at the station. The reference number is YVQA5ZCC . Anything else I can help with?,"Yes, I'd also like to find some places to go while I'm in town. What is there in the way of architectural attractions in the city centre?",zajkeskn,initial,,REQUEST,,zajkeskn_annotation.xlsx
mw22_PMUL3039.json_6,PMUL3039.json,6,The autumn house is a cheap guesthouse located in postcode cb58rs. The phone number is: 01223575122. Are you sure I can't help you with a reservation?,No thank you. Could you tell me about Russian restaurants in the east?,zajkeskn,initial,,REQUEST,,zajkeskn_annotation.xlsx
mw22_PMUL3046.json_2,PMUL3046.json,2,Certainly! Where are you going? What time of day do you want to leave?,I am going to Cambridge and would like to leave after 11:45.,zajkeskn,initial,,INFORM_CONSTRAINT,,zajkeskn_annotation.xlsx
mw22_SNG0235.json_2,SNG0235.json,2,I could just call an ambulance,"I need the address of the hospital and the phone number of the transplant high dependency unit department, please.",zajkeskn,initial,,REQUEST,,zajkeskn_annotation.xlsx
mw22_MUL0161.json_6,MUL0161.json,6,That booking is unsuccessful. Does another time/day work?,Yes. How about 15:45 on Friday instead?,zajkeskn,initial,,INFORM_CONSTRAINT,,zajkeskn_annotation.xlsx
mw22_PMUL3786.json_16,PMUL3786.json,16,And how many people will be staying there?,1 person will be staying.,zajkeskn,initial,,INFORM_CONSTRAINT,,zajkeskn_annotation.xlsx
mw22_SNG0581.json_6,SNG0581.json,6,"For moderate pricing, I have the Meghna restaurant in the west. It's located at 205 Victoria Road Chesterton. Can I reserve you a table?","No thanks, I'd like to give them a call instead. What is their phone number?",zajkeskn,initial,,REQUEST,,zajkeskn_annotation.xlsx
mw22_SNG1385.json_6,SNG1385.json,6,The travel time is 49 minutes.,"Ok, that is all the information I need. Thank you.",zajkeskn,initial,,CONFIRM_ACCEPT,,zajkeskn_annotation.xlsx
mw22_WOZ20118.json_6,WOZ20118.json,6,"Their address is 71 Castle Street City Centre, their phone number is 01223 366668.",Is Cocum located in the east part of town?,zajkeskn,initial,,CORRECT_CLARIFY,,zajkeskn_annotation.xlsx
mw22_PMUL2259.json_8,PMUL2259.json,8,Yes. How many people in your party and when would you like this for?,"There are 5 people, and we'd like it for Friday at 18:15",zajkeskn,initial,,REQUEST,,zajkeskn_annotation.xlsx
mw22_MUL1351.json_8,MUL1351.json,8,I am sorry but the restaurant will be unable to reserve a table for that time. Would you like to try another day or time?,How about at 16:45?,zajkeskn,initial,,INFORM_CONSTRAINT,,zajkeskn_annotation.xlsx
mw22_MUL2166.json_10,MUL2166.json,10,Shall I go ahead and book you for train TR0615?,"Yes, for 4 people please.",zajkeskn,initial,,CONFIRM_ACCEPT,,zajkeskn_annotation.xlsx
mw22_PMUL2510.json_6,PMUL2510.json,6,We have 2 hotels and 12 guesthouses across town that fit your price and have parking. Do you prefer a specific type of place or area of town?,The area doesn't matter I prefer a guesthouse. Any one you recommend will be fine.,zajkeskn,initial,,INFORM_CONSTRAINT,,zajkeskn_annotation.xlsx
mw22_MUL0759.json_8,MUL0759.json,8,The Bridge Guest House does indeed have free parking and internet. They can be reached at 01223247942.,"Hmm, thank you for that. I also need to get more information about the train time tables for Thursday.",zajkeskn,initial,,REQUEST,,zajkeskn_annotation.xlsx
mw22_MUL0578.json_10,MUL0578.json,10,Kambar is a nightclub that is located in the centre area. It has a 5 pounds entrance fee.,"Ok, what was the address for that place?",zajkeskn,initial,,REQUEST,,zajkeskn_annotation.xlsx
mw22_SNG01409.json_2,SNG01409.json,2,"Sure, their phone number is 01223358966, and they are in Parkside, Cambridge",Do you also have the police station postcode?,zajkeskn,initial,,REQUEST,,zajkeskn_annotation.xlsx
mw22_MUL1302.json_22,MUL1302.json,22,I have your table booked. The reference number is : GI0NB9LA . Is there anything else I can help you with?,"No, you have been very helpful thank you.",zajkeskn,initial,,SOCIAL,,zajkeskn_annotation.xlsx
mw22_PMUL4391.json_12,PMUL4391.json,12,"Okay, I see three options here, which are british, indian, or italian food types. I recommend prezzo. Would you like a reservation?",Yes. Please book that restaurant for 7 people on sunday at 11:00,zajkeskn,initial,,CONFIRM_ACCEPT,,zajkeskn_annotation.xlsx
mw22_MUL2091.json_8,MUL2091.json,8,I have a train leaving cambridge at 9:59 and arriving at london liverpool street at 11:27. Would you like me to book that for you?,"Yes, I'd like five tickets, please.",zajkeskn,initial,,CONFIRM_ACCEPT,,zajkeskn_annotation.xlsx
mw22_MUL0485.json_2,MUL0485.json,2,"Unfortunately, there is not attraction type with multiple sports in the centre areat.",Is there a nightclub located in the centre instead then?,zajkeskn,initial,,REQUEST,,zajkeskn_annotation.xlsx
mw22_PMUL2472.json_2,PMUL2472.json,2,"Were you interested more in something like night clubs or museums, or boats? Or something totally different?",I need a place in the centre. I welcome any suggestions you may have.,zajkeskn,initial,,INFORM_CONSTRAINT,,zajkeskn_annotation.xlsx
mw22_SSNG0362.json_4,SSNG0362.json,4,"Thats good,but can I get the name of the particular hotel you are looking for,please?","No.Just look up any 3 star hotel,please.",zajkeskn,initial,,REQUEST,,zajkeskn_annotation.xlsx
mw22_MUL1651.json_14,MUL1651.json,14,There's Charlie Chan. It serves Chinese food and is located in the centre. Is that good?,That sounds perfect. Can you book a table for the same group of people at 10:00 for the same day as the train?,zajkeskn,initial,,REQUEST,,zajkeskn_annotation.xlsx
mw22_PMUL2599.json_16,PMUL2599.json,16,"I'm sorry, but again, there are no entertainment attractions in the centre. Would you like to search in other areas?",Can you look for a architecture?,zajkeskn,initial,,REQUEST,,zajkeskn_annotation.xlsx
mw22_PMUL0213.json_2,PMUL0213.json,2,I have many options. Do you have a preference for the area you would like to stay in.,"The area doesn't matter. I would like free wifi though, if possible.",zajkeskn,initial,,INFORM_CONSTRAINT,,zajkeskn_annotation.xlsx
mw22_PMUL3775.json_6,PMUL3775.json,6,Their phone number is 01223360409 and their postal code is cb21rq.,Great. I'm also looking for a train. I need to leave after 16:15 from London Liverpool Street.,zajkeskn,initial,,INFORM_CONSTRAINT,,zajkeskn_annotation.xlsx
mw22_PMUL3536.json_8,PMUL3536.json,8,"Alright, I've booked your room and the reference number is 26VYTSIJ . Can I help you with anything else?",I also need a place to dine serving indian food.,zajkeskn,initial,,REQUEST,,zajkeskn_annotation.xlsx
mw22_SNG02189.json_2,SNG02189.json,2,"Closest police station is in Parkside, Cambridge, CB11JG","Thank you, Goodbye.",zajkeskn,initial,,SOCIAL,,zajkeskn_annotation.xlsx
mw22_SNG02185.json_12,SNG02185.json,12,Do you need any further assistance?,"No thank you, I appreciate all your help!",zajkeskn,initial,,SOCIAL,,zajkeskn_annotation.xlsx
mw22_PMUL3706.json_12,PMUL3706.json,12,There are three options to choose from. I recommend ask.,"Okay, can you give me the phone number for ask?",zajkeskn,initial,,REQUEST,,zajkeskn_annotation.xlsx
mw22_MUL0943.json_6,MUL0943.json,6,The entrance fee is free.,Free is the best price! I'll probably be hungry after the museum. Are there any moderately priced Italian restaurants around?,zajkeskn,initial,,REQUEST,,zajkeskn_annotation.xlsx
mw22_MUL1348.json_12,MUL1348.json,12,"The gonville hotel has wifi, it's in the centre. Does that sound good?","As long as it has a 3 star rating, please book the Gonville Hotel for me.",zajkeskn,initial,,INFORM_CONSTRAINT,,zajkeskn_annotation.xlsx
mw22_SSNG0104.json_4,SSNG0104.json,4,There are nine restaurants available. Do you have a food type preference?,No preference on type.,zajkeskn,initial,,CORRECT_CLARIFY,,zajkeskn_annotation.xlsx
mw22_PMUL0639.json_4,PMUL0639.json,4,"We have 21 moderately priced restaurants in the center, with cuisines ranging from Asian Oriental to Gastropub.",Asian Oriental sounds good. Can you reserve a table for 1 for me? I'd like to eat at 11:45 on Sunday.,zajkeskn,initial,,REQUEST,,zajkeskn_annotation.xlsx
mw22_MUL1306.json_6,MUL1306.json,6,Sorry booking was unsuccessful. Would you like to try a different time?,How about at 13:45?,zajkeskn,initial,,INFORM_CONSTRAINT,,zajkeskn_annotation.xlsx
mw22_SNG0660.json_2,SNG0660.json,2,Absolutely. Panahar is a more expensive indian restaurant. It is located at 8 Norfolk Street City Centre. Their postal code is cb12lf. Their phone number is 01223355012.,Could you book a table for me there on Friday?,zajkeskn,initial,,REQUEST,,zajkeskn_annotation.xlsx
mw22_MUL2589.json_4,MUL2589.json,4,"Yes, it does have free parking.",Please give me information on the star rating and their number.,zajkeskn,initial,,REQUEST,,zajkeskn_annotation.xlsx
mw22_MUL1333.json_16,MUL1333.json,16,I have booked you a taxithat will pick you all up 13:45. the car type is grey skoda and the contact number is 07001660178,Thank You for all your help.,zajkeskn,initial,,SOCIAL,,zajkeskn_annotation.xlsx
mw22_PMUL0759.json_12,PMUL0759.json,12,the TR2650 will get you to your destination by 14:58. do you want a ticket?,Ok I will book it for you,zajkeskn,initial,,CONFIRM_ACCEPT,,zajkeskn_annotation.xlsx
mw22_SSNG0097.json_6,SSNG0097.json,6,"Unfortunately, the restaurant is booked. Would you like to try another restaurant?","Yes. Something in the same area and same pricerange, please.",zajkeskn,initial,,INFORM_CONSTRAINT,,zajkeskn_annotation.xlsx
mw22_MUL0639.json_8,MUL0639.json,8,The travel time is 17 minutes and the price of the ticket would be 4.40 pounds. Would you like me to book that for you?,"Yes, and once I am in Ely I need a place to stay on the north side of town with at least a 1 star rating, and has wifi.",zajkeskn,initial,,INFORM_CONSTRAINT,,zajkeskn_annotation.xlsx
mw22_SNG0979.json_18,SNG0979.json,18,I have booked you for alexander bed and breakfast. Reference number: H02PSC79 . Is there anything else you need?,"No, that's everything I needed today, thank you.",zajkeskn,initial,,CONFIRM_ACCEPT,,zajkeskn_annotation.xlsx
mw22_MUL0005.json_14,MUL0005.json,14,"Sure thing! I've booked a yellow Tesla for you. If you need it, the contact number is 07855855225. Is there anything else I can help with today?",I just want to make sure it'll arrive in time for the restaurant reservation at 19:45. Can I get a contact number and type of car the taxi would be?,zajkeskn,initial,,REQUEST,,zajkeskn_annotation.xlsx
mw22_MUL0273.json_14,MUL0273.json,14,Of course! How many tickets would you like?,I only need one ticket for myself.,zajkeskn,initial,,INFORM_CONSTRAINT,,zajkeskn_annotation.xlsx
mw22_MUL2162.json_4,MUL2162.json,4,I see several trains. When would you like to leave?,I need a price and make sure it arrives by 16:00.,zajkeskn,initial,,REQUEST,,zajkeskn_annotation.xlsx
mw22_MUL0044.json_18,MUL0044.json,18,"Yes, there are 4 different Indian restaurants in that area.","Ok, of those 4 is there one that is moderate priced?",zajkeskn,initial,,REQUEST,,zajkeskn_annotation.xlsx
mw22_SNG0727.json_6,SNG0727.json,6,I was able to reserve that for you. Your reference number is 439GP4J5 . Is there anything else I can assist you with?,Thanks so much. That is all I need. Have a great day.,zajkeskn,initial,,SOCIAL,,zajkeskn_annotation.xlsx
mw22_PMUL2584.json_10,PMUL2584.json,10,Their phone number is 01223307402. Can I help you with anything else?,I'd like a taxi from the hotel to the museum. I want to leave the hotel by 19:00. Book it please and give me the contact number and car type,zajkeskn,initial,,REQUEST,,zajkeskn_annotation.xlsx
mw22_PMUL3147.json_12,PMUL3147.json,12,"Queen's college is located on silver street. The postcode is cb39et. Although the entrance fee is 2.50 pounds, I think it's well worth the price of admission.",Sounds great. Can I also get info on a taxi leaving from Queen's College,zajkeskn,initial,,REQUEST,,zajkeskn_annotation.xlsx
mw22_MUL2072.json_12,MUL2072.json,12,Sure. It's in the south of town with postcode cb17sr. Can I help you with anything else?,"No, that seems like everything. Go ahead and book it, and we should be done here.",zajkeskn,initial,,CONFIRM_ACCEPT,,zajkeskn_annotation.xlsx
mw22_SNG0925.json_6,SNG0925.json,6,The hamilton lodge is in the north area and has parking and internet. Would you like me to book that for you?,"Sure, book it for 1 person and 2 nights, starting from Wednesday.",zajkeskn,initial,,CONFIRM_ACCEPT,,zajkeskn_annotation.xlsx
mw22_PMUL4912.json_8,PMUL4912.json,8,"I am terribly sorry there aren't any, another type perhaps?",How about european food then?,zajkeskn,initial,,INFORM_CONSTRAINT,,zajkeskn_annotation.xlsx
mw22_PMUL2130.json_18,PMUL2130.json,18,"Ok in order to book a taxi I need the travel time, departure location and arrival destination.",Book taxi to go to taj tandoori restaurant. I need to arrive by 11:15 on Saturday.,zajkeskn,initial,,REQUEST,,zajkeskn_annotation.xlsx
mw22_WOZ20403.json_6,WOZ20403.json,6,Rajmahal is an Indian restaurant in the east part of town and in the moderate price range. How does that sound?,May I have the phone number?,zajkeskn,initial,,REQUEST,,zajkeskn_annotation.xlsx
mw22_SNG0816.json_4,SNG0816.json,4,I have it here. It's moderately priced and is in the north. They offer free wifi and parking. Can you tell me how many to book for and how long?,"Yes, I'd like to book 5 people for 5 nights starting Sunday.",zajkeskn,initial,,REQUEST,,zajkeskn_annotation.xlsx
mw22_MUL1498.json_4,MUL1498.json,4,Unfortunately there are no restaurants in the centre that serve Afghan food. Would you like to look for one in other areas?,How about a Chinese restaurant?,zajkeskn,initial,,INFORM_CONSTRAINT,,zajkeskn_annotation.xlsx
mw22_PMUL1231.json_2,PMUL1231.json,2,Yes I can. Would you like the phone number or address?,"Yes, please. I need the area and phone number.",zajkeskn,initial,,REQUEST,,zajkeskn_annotation.xlsx
mw22_PMUL1642.json_8,PMUL1642.json,8,Okay I've booked you on the TR2764 which will arrive at 8:58. the total fee is 58.8 GBP payable at the station . Reference number is : AQMKFOFZ .,okay thank you! What is the travel time on that?,zajkeskn,initial,,REQUEST,,zajkeskn_annotation.xlsx
mw22_PMUL1974.json_22,PMUL1974.json,22,I was able to book The Ashley Hotel. Your reference number is DDEI8K1U .,Thank you. Appreciate all the help.,zajkeskn,initial,,SOCIAL,,zajkeskn_annotation.xlsx
mw22_PMUL1838.json_8,PMUL1838.json,8,"Okay, the booking was successful. The reference number is FGOM35JV .",Thanks. I am also looking for a train to Broxbourne from Cambridge.,zajkeskn,initial,,REQUEST,,zajkeskn_annotation.xlsx
mw22_SNG01337.json_2,SNG01337.json,2,ow about Ashbury Lodge Guesthouse it is moderately priced and located at 82 Arbury Road CB4 2JE (Phone: 01223364319),Does this guesthouse include free wifi?,zajkeskn,initial,,REQUEST,,zajkeskn_annotation.xlsx
mw22_SSNG0271.json_2,SSNG0271.json,2,What would you like to know?,"I'd like to know it's address and phone number. I'd also like to book it for 6 people, Thursday, for 4 nights.",zajkeskn,initial,,REQUEST,,zajkeskn_annotation.xlsx
mw22_PMUL4987.json_10,PMUL4987.json,10,"Acorn Guest House is a nice place, do you want their info ?",Do they have free parking?,zajkeskn,initial,,REQUEST,,zajkeskn_annotation.xlsx
mw22_MUL0418.json_4,MUL0418.json,4,"Yes, TR4669 goes from peterborough to cambridge on Thursday. Would you like to book tickets on this train?",Yes I would like tickets for 2 people and the reference number please.,zajkeskn,initial,,REQUEST,,zajkeskn_annotation.xlsx
mw22_MUL1177.json_10,MUL1177.json,10,Certainly! The A and B Guest House is a moderately-priced hotel. Would you like to stay there?,"Yes, for 7 people and 4 nights.",zajkeskn,initial,,INFORM_CONSTRAINT,,zajkeskn_annotation.xlsx
mw22_PMUL0665.json_10,PMUL0665.json,10,What day do you need the train on?,I'll be leaving on Monday.,zajkeskn,initial,,INFORM_CONSTRAINT,,zajkeskn_annotation.xlsx
mw22_PMUL4882.json_8,PMUL4882.json,8,Is there anything else I can help you with today?,Yes I need a train from London Kings Cross to Cambridge for Sunday to arrive in Cambridge by 20:45 please.,zajkeskn,initial,,REQUEST,,zajkeskn_annotation.xlsx
mw22_SNG01498.json_2,SNG01498.json,2,Contact them at 01223274680,I need the address and postcode.,zajkeskn,initial,,REQUEST,,zajkeskn_annotation.xlsx
mw22_SNG02293.json_4,SNG02293.json,4,Their postcode is CB11JG.,"Ok, thank you very much for your help.",zajkeskn,initial,,SOCIAL,,zajkeskn_annotation.xlsx
mw22_PMUL2491.json_6,PMUL2491.json,6,The address is 40270 King Street City Centre and the phone number is 01223505015.,Thanks a lot. Can you also help me find a theatre in the centre of town also?,zajkeskn,initial,,REQUEST,,zajkeskn_annotation.xlsx
mw22_MUL1919.json_8,MUL1919.json,8,"There is a cinema, two entertainment facilities, a museum, and a nightclub. Would you like more info about any of those?",Can you give me the address for the cinema?,zajkeskn,initial,,REQUEST,,zajkeskn_annotation.xlsx
mw22_MUL2082.json_20,MUL2082.json,20,"Booking was successful, the reference number is 7BB9B19A ., the total cost will be 37.80 payable at the station, can I help with anything else.",I got the reference number of 7BB9B19A thank you!,zajkeskn,initial,,CONFIRM_ACCEPT,,zajkeskn_annotation.xlsx
mw22_PMUL1156.json_2,PMUL1156.json,2,Sure thing! Trinity College is located on Trinity Street in Centre with a postcode of cb21tq. Would you like more information today?,Great! Thanks! Is that just a college or is there any other type of attraction there?,zajkeskn,initial,,CORRECT_CLARIFY,,zajkeskn_annotation.xlsx
mw22_MUL2221.json_14,MUL2221.json,14,"Booking was successful, you reference number is DEMBOPOR, can I assist with anything else?",No that is everything I need today. Thank you.,zajkeskn,initial,,SOCIAL,,zajkeskn_annotation.xlsx
mw22_MUL1354.json_18,MUL1354.json,18,I have booked your ride. Your car type is a black Honda and your contact number is 07917232532. Is there anything else you need?,No that will be all thank you.,zajkeskn,initial,,SOCIAL,,zajkeskn_annotation.xlsx
mw22_MUL2279.json_2,MUL2279.json,2,"We have quite a few, I'm sure we'll be able to get you where you want to go. Where is that, exactly?",I would like to go to leicester and leave on friday.,zajkeskn,initial,,INFORM_CONSTRAINT,,zajkeskn_annotation.xlsx
mw22_MUL1614.json_12,MUL1614.json,12,"In expensive restaurants, I have two options in the north. There is Hakka and there is The Hotspot. In my opinion, Hakka is a great chinese restaurant.","postcode, phone number, and area",zajkeskn,initial,,INFORM_CONSTRAINT,,zajkeskn_annotation.xlsx
mw22_PMUL4606.json_2,PMUL4606.json,2,I'd be happy to help. Where are you departing from?,I will be departing from stansted airport going to cambridge on friday and it needs to arrive by 16:00,zajkeskn,initial,,INFORM_CONSTRAINT,,zajkeskn_annotation.xlsx
mw22_MUL0132.json_6,MUL0132.json,6,Would you like me to book you at The Oak Bistro at 6 Lensfield Road?,"Can I just get the area, phone number, and postcode of it?",zajkeskn,initial,,REQUEST,,zajkeskn_annotation.xlsx
mw22_SNG01841.json_2,SNG01841.json,2,Your looking at the trainID of TR5767 or TR2000 depending on your time,The train should go to stansted airport and should arrive by 21:30.,zajkeskn,initial,,INFORM_CONSTRAINT,,zajkeskn_annotation.xlsx
mw22_MUL2691.json_14,MUL2691.json,14,That booking was not successful. Would you like to try another day or a shorter stay?,How about for 2 nights,zajkeskn,initial,,INFORM_CONSTRAINT,,zajkeskn_annotation.xlsx
mw22_PMUL1640.json_8,PMUL1640.json,8,Cheap we can do! I recommend the Autumn House in the east. Would you like to book a room there?,"Yes, I would. I need 3 nights, 7 people, starting Wednedady. I need the reference number. I also need a train to Cambridge after 14:45.",zajkeskn,initial,,REQUEST,,zajkeskn_annotation.xlsx
mw22_MUL1849.json_6,MUL1849.json,6,I would recommend architecture and there are many places to visit and see great architecture.,"Can I get the postcode, address of a great architecture place to visit please?",zajkeskn,initial,,REQUEST,,zajkeskn_annotation.xlsx
mw22_PMUL4110.json_8,PMUL4110.json,8,"Thanks for the info, I found train ID TR8286 which departs at 6:48 and arrives by 7:38. Tickets cost 16.50 pounds. Would you like a reservation?","Yeah, just get 1 ticket please and tell me the reference number",zajkeskn,initial,,CONFIRM_ACCEPT,,zajkeskn_annotation.xlsx
mw22_PMUL0018.json_14,PMUL0018.json,14,Your table is booked. Reference number is 2H4EMZYM . They will hold the table for 15 minutes.,"Thank you so much, Goodbye!",zajkeskn,initial,,SOCIAL,,zajkeskn_annotation.xlsx
mw22_SNG0457.json_10,SNG0457.json,10,You're welcome! Is there anything else I can help you with?,"No, that will be all. Thanks again. Bye.",zajkeskn,initial,,SOCIAL,,zajkeskn_annotation.xlsx
mw22_PMUL4937.json_8,PMUL4937.json,8,"It is a great cinema in the south part of town. They are located at Cambridge Leisure Park, Clifton Way. Their postcode is cb17dy. Their phone number is 00872208000.",Thank you that was all I needed.,zajkeskn,initial,,SOCIAL,,zajkeskn_annotation.xlsx
mw22_PMUL1687.json_12,PMUL1687.json,12,The travel time of that train is 79 minutes.,thanks for your help you have been great!,zajkeskn,initial,,SOCIAL,,zajkeskn_annotation.xlsx
mw22_PMUL0073.json_2,PMUL0073.json,2,What area of town should it be in?,it should be in the east area and serve south indian food.,zajkeskn,initial,,INFORM_CONSTRAINT,,zajkeskn_annotation.xlsx
mw22_SNG1244.json_4,SNG1244.json,4,There are 13 colleges in centre. Are you look for free entrance or paid?,"Please tell me one of the free ones, please.",zajkeskn,initial,,REQUEST,,zajkeskn_annotation.xlsx
mw22_PMUL3494.json_10,PMUL3494.json,10,There are no expensive Italian places in the West. Is there another area I may check?,No just choose another type of expensive place to dine for me and book a table at 13:15 for 8 people from Monday.,zajkeskn,initial,,REQUEST,,zajkeskn_annotation.xlsx
mw22_MUL0401.json_8,MUL0401.json,8,"There are many different attractions available. Some include cinema, touring architecture, and visiting the park. Is there anything particular you are looking to do?",I'm looking for a park to go to in the south,zajkeskn,initial,,INFORM_CONSTRAINT,,zajkeskn_annotation.xlsx
mw22_MUL1939.json_6,MUL1939.json,6,"TR3730 will arrive by 07:56, would that work for you?","Yes, for four please.",zajkeskn,initial,,CONFIRM_ACCEPT,,zajkeskn_annotation.xlsx
mw22_PMUL4476.json_4,PMUL4476.json,4,"There is one available. The university arms hotel. It is expensive, is that okay?",Sure. I need a room for 4 people and 4 nights starting from thursday.,zajkeskn,initial,,REQUEST,,zajkeskn_annotation.xlsx
mw22_MUL0599.json_6,MUL0599.json,6,"Okay, we got the broughton house gallery. It's number is 01223314960 and the post code is cb11ln. Is there anything else I can do for you?","Yes, I am also looking for a train leaving on Saturday and arriving by 13:45.",zajkeskn,initial,,REQUEST,,zajkeskn_annotation.xlsx
mw22_SSNG0211.json_18,SSNG0211.json,18,I have made a booking and it went through. Your Reference number is : AEBKVJV3 .,"Yes, and please give me the reference number.",zajkeskn,initial,,REQUEST,,zajkeskn_annotation.xlsx
mw22_PMUL4395.json_12,PMUL4395.json,12,There is no museums in the centre. Can I help you with anything else,Could you check again. A museum in the centre.,zajkeskn,initial,,CORRECT_CLARIFY,,zajkeskn_annotation.xlsx
mw22_SNG0796.json_8,SNG0796.json,8,I'll be happy to. How many people in your party? And how many nights will you be staying?,"Great, I need it for 5 people for 3 nights, and let me know the reference number.",zajkeskn,initial,,REQUEST,,zajkeskn_annotation.xlsx
mw22_PMUL3346.json_6,PMUL3346.json,6,There are 5 hotels that match your request. To help you further I will need to know what part of town you want to be in.,The part of town does not really matter to me. Can you recommend something please and let me know whether or not they have free parking?,zajkeskn,initial,,REQUEST,,zajkeskn_annotation.xlsx
mw22_PMUL1305.json_2,PMUL1305.json,2,"Yes!! Several, like the cambridge corn exchange. Is there a particular area you are interested in?",Yes a theatre in the east is what I am looking for.,zajkeskn,initial,,INFORM_CONSTRAINT,,zajkeskn_annotation.xlsx
mw22_MUL0011.json_18,MUL0011.json,18,Non of the hotels were available for 2 nights starting on Friday. Would you prefer another date or area.,Can you book me a room for 1 night instead?,zajkeskn,initial,,CORRECT_CLARIFY,,zajkeskn_annotation.xlsx
mw22_SNG0417.json_4,SNG0417.json,4,TR0497 arrives in Cambridge at 12:23. Would you like to purchase tickets?,"Yes please, book 4 tickets for me.",zajkeskn,initial,,REQUEST,,zajkeskn_annotation.xlsx
mw22_SNG0651.json_6,SNG0651.json,6,We are happy to help. Have all of your needs been met?,Indeed they have.,zajkeskn,initial,,SOCIAL,,zajkeskn_annotation.xlsx
mw22_PMUL2163.json_12,PMUL2163.json,12,Okay. Can you tell me the departure or arrival time?,"I'd like to leave the man on the moon by 04:45, can you set that up for me?",zajkeskn,initial,,REQUEST,,zajkeskn_annotation.xlsx
mw22_SSNG0022.json_8,SSNG0022.json,8,"There are no other Spanish places in that area, another area or type perhaps?","Any in the same area, and price range please.",zajkeskn,initial,,INFORM_CONSTRAINT,,zajkeskn_annotation.xlsx
mw22_SNG0815.json_22,SNG0815.json,22,"I have that all worked out for you, the reference code is MQ7AMF1M . The hotel is the Cabdrife Butterfly.Is there anything else you need?","No, I'm sorry that was so confusing. It appears I have 2 hotels, but that is better than 0. Have a good day. Bye.",zajkeskn,initial,,SOCIAL,,zajkeskn_annotation.xlsx
mw22_PMUL0656.json_10,PMUL0656.json,10,"I would recommend the the oak bistro, which is located at 6 Lensfield Road. Would you be interested in making a reservation?","Yes, please. I need the reservation to be for 5 people at 21:00 on Friday.",zajkeskn,initial,,CONFIRM_ACCEPT,,zajkeskn_annotation.xlsx
mw22_MUL2118.json_12,MUL2118.json,12,I have your rooms booked. The reference number is 9wy58ojm . Can I help you with anything else?,That is all I needed. Thank you so much!,zajkeskn,initial,,SOCIAL,,zajkeskn_annotation.xlsx
mw22_PMUL3475.json_8,PMUL3475.json,8,I would recommend People's Portraits Exhibition at Girton College. They offer free entrance. Their postcode is cb3ojg. Their phone number is 01223338901.,Can you book it for me?,zajkeskn,initial,,REQUEST,,zajkeskn_annotation.xlsx
mw22_PMUL2316.json_4,PMUL2316.json,4,"Of course, one of my favorites is Fitzbillies Restaurant at 51 Trumpington Street City Centre. May I book you a table?","Yes, please. It'll be for 2 people on Saturday at 12:00.",zajkeskn,initial,,CONFIRM_ACCEPT,,zajkeskn_annotation.xlsx
mw22_SNG0335.json_6,SNG0335.json,6,"Of course! TR0811 leaves at 17:32, arrives at 18:32, with a duration of 60 minutes. The price is 14.32 pounds. May I assist you with anything else?",That is all I need for today. thank you. Goodbye.,zajkeskn,initial,,SOCIAL,,zajkeskn_annotation.xlsx
mw22_PMUL3517.json_2,PMUL3517.json,2,I can help with that! Cambridge has lots of different attractions do you have a specific type in mind?,"Yes, I'd like to visit an entertainment attraction.",zajkeskn,initial,,INFORM_CONSTRAINT,,zajkeskn_annotation.xlsx
mw22_MUL1187.json_2,MUL1187.json,2,"I'd be happy to help you. There are 24 guesthouses to choose from. Is there an area you'd like to stay in, or perhaps a certain price range?","Well, how about a moderate price range and a star rating of zero? Oh, and I don't need free parking.",zajkeskn,initial,,INFORM_CONSTRAINT,,zajkeskn_annotation.xlsx
mw22_PMUL2438.json_6,PMUL2438.json,6,The Place is at 22 Sidney Street cb23hg. 01223324600 is their phone number. That place is poppin'. Can I help you with anything else?,Can you book a reservation for me?,zajkeskn,initial,,REQUEST,,zajkeskn_annotation.xlsx
mw22_PMUL4411.json_8,PMUL4411.json,8,corpus christi is very popular. It is located in the town centre. The number is 01223338000. Can I help with anything else?,"That's all I needed to know, thanks for your help!",zajkeskn,initial,,SOCIAL,,zajkeskn_annotation.xlsx
mw22_PMUL1722.json_14,PMUL1722.json,14,What would you like to know?,Does it have free wifi?,zajkeskn,initial,,REQUEST,,zajkeskn_annotation.xlsx
mw22_PMUL3828.json_8,PMUL3828.json,8,Anything in particular you like to do?,How about a multiple sports place near that restaurant.,zajkeskn,initial,,CORRECT_CLARIFY,,zajkeskn_annotation.xlsx
mw22_MUL0337.json_10,MUL0337.json,10,How about dojo noodle bar? It meets your requirements.,That sounds great. Can I get a table for 2 there on Wednesday at 18:15?,zajkeskn,initial,,CONFIRM_ACCEPT,,zajkeskn_annotation.xlsx
mw22_PMUL3866.json_2,PMUL3866.json,2,"Certainly, did you have a particular place in mind?",An architecture attraction would be good.,zajkeskn,initial,,INFORM_CONSTRAINT,,zajkeskn_annotation.xlsx
mw22_WOZ20491.json_4,WOZ20491.json,4,Graffiti is a British restaurant located in the west part of town and in the expensive price range. Would you like their address?,"I need the address and phone number, please.",zajkeskn,initial,,REQUEST,,zajkeskn_annotation.xlsx
mw22_PMUL1554.json_2,PMUL1554.json,2,The Gonville Hotel is rated 3 stars. There is free internet and parking. It is located at Gonville Place and their phone number is 01223366611.,Excellent. Could you book it for myself and my partner?,zajkeskn,initial,,REQUEST,,zajkeskn_annotation.xlsx
mw22_MUL0341.json_12,MUL0341.json,12,"Sure, the train arriving at 14:07 will depart bishops stortford at 13:29. Total travel time is 38 minutes.",Okay thanks can you please give me the price?,zajkeskn,initial,,REQUEST,,zajkeskn_annotation.xlsx
mw22_MUL0538.json_12,MUL0538.json,12,Trinity college has an entrance fee of 1 pound.,"Okay, that sounds good. Thank you for your help!",zajkeskn,initial,,CONFIRM_ACCEPT,,zajkeskn_annotation.xlsx
mw22_MUL1856.json_6,MUL1856.json,6,You're welcome! Have a great day!,"Oh wait! Before you go, can you give me some information on the cherry hinton village centre?",zajkeskn,initial,,REQUEST,,zajkeskn_annotation.xlsx
mw22_PMUL3668.json_12,PMUL3668.json,12,I would recommend Christ's College. It's free to visit.,Could I have their postcode please?,zajkeskn,initial,,REQUEST,,zajkeskn_annotation.xlsx
mw22_MUL2566.json_6,MUL2566.json,6,the a and b guest house is a guesthouse located in the east. It has 4 stars and is moderately priced.,I was really hoping to find a hotel if you could?,zajkeskn,initial,,REQUEST,,zajkeskn_annotation.xlsx
mw22_SNG1215.json_2,SNG1215.json,2,There are a lot of things to do in the south. Do you know what kind of attraction you were looking for?,I have no preference. What do you recommend?,zajkeskn,initial,,REQUEST,,zajkeskn_annotation.xlsx
mw22_MUL2353.json_16,MUL2353.json,16,"I was able to book that taxi for you. Be looking for a yellow Honda. If you need to reach them, please call 07598905692. Anything else I can help with?","no, thank you very much",zajkeskn,initial,,CONFIRM_ACCEPT,,zajkeskn_annotation.xlsx
mw22_MUL0111.json_18,MUL0111.json,18,Yes it does.,Great. That's actually all I need today. Thank you for your help!,zajkeskn,initial,,SOCIAL,,zajkeskn_annotation.xlsx
mw22_SNG01578.json_2,SNG01578.json,2,What time do you want to be picked up at the lensfield hotel?,I would like for the taxi to arrive by 06:15.,zajkeskn,initial,,INFORM_CONSTRAINT,,zajkeskn_annotation.xlsx
mw22_MUL2267.json_14,MUL2267.json,14,I have the TR7505 that will arrive by 11:06. Would you like me to book that for you?,Yes! Please book for me and three friends. I need the reference number as well.,zajkeskn,initial,,REQUEST,,zajkeskn_annotation.xlsx
mw22_PMUL4586.json_8,PMUL4586.json,8,"The price per ticket is 60.08 pounds, how many travelers will be requiring tickets?",No tickets yet. But I do need info on a swimming pool in the north. I you could recommend one?,zajkeskn,initial,,REQUEST,,zajkeskn_annotation.xlsx
mw22_PMUL3645.json_14,PMUL3645.json,14,"Okay, where is the departure and destination please?",I want to leave the hotel by 3:30 to go to the pool.,zajkeskn,initial,,INFORM_CONSTRAINT,,zajkeskn_annotation.xlsx
mw22_PMUL1000.json_10,PMUL1000.json,10,I have the Cambridge Chop House postcode cb21sj address is 1 Kings Parade and the phone number is 01223359506. Would you like me to book that for you?,"No, I actually do not need any further assistance today. Thank you, goodbye!",zajkeskn,initial,,CONFIRM_ACCEPT,,zajkeskn_annotation.xlsx
mw22_PMUL3757.json_10,PMUL3757.json,10,The phone number is 01223356354.,I need the address and postcode. I need a taxi to pick me up at the hotel by 19:00. I need the contact number and car type please.,zajkeskn,initial,,REQUEST,,zajkeskn_annotation.xlsx
mw22_PMUL4844.json_8,PMUL4844.json,8,I found some night club in the center of town. Do you have preference for entrance fee?,Not really just close to the restaurant. Can you give me the address of the one you recommend?,zajkeskn,initial,,REQUEST,,zajkeskn_annotation.xlsx
mw22_SNG0673.json_2,SNG0673.json,2,That is a great cheap restaurant located in the city centre. Would you like a reservation?,Yes please 2 people at 16:45 on tuesday,zajkeskn,initial,,INFORM_CONSTRAINT,,zajkeskn_annotation.xlsx
mw22_PMUL2684.json_12,PMUL2684.json,12,"Okay. There are boats, a park, and pools. Would like more information on any of this?","Anything that you recommend, I'm new to the town.",zajkeskn,initial,,REQUEST,,zajkeskn_annotation.xlsx
mw22_MUL2470.json_4,MUL2470.json,4,"Well, we've got the all saints church in the centre and it's free to visit.",A free church would cover a lot of my local historical interests. What is their phone number?,zajkeskn,initial,,REQUEST,,zajkeskn_annotation.xlsx
mw22_PMUL0182.json_14,PMUL0182.json,14,It is a hotel and the phone number is 01480446000.,How many stars does this hotel have?,zajkeskn,initial,,REQUEST,,zajkeskn_annotation.xlsx
mw22_PMUL2477.json_10,PMUL2477.json,10,Sure the address is saint andrew's street and the phone number is 01223334900.,thank you for your help!,zajkeskn,initial,,SOCIAL,,zajkeskn_annotation.xlsx
mw22_PMUL2624.json_2,PMUL2624.json,2,"There are 33 hotels to pick from, what type of hotel do you prefer and what area would you like to stay in?",The hotel should be rated 2 stars and should include frees parking.,zajkeskn,initial,,INFORM_CONSTRAINT,,zajkeskn_annotation.xlsx
mw22_PMUL3280.json_6,PMUL3280.json,6,Their postcode is cb21dp. Can I help you with anything else today?,"Thank you! I also would like information about a train, please, leaving Cambridge after 21:00.",zajkeskn,initial,,REQUEST,,zajkeskn_annotation.xlsx
mw22_PMUL0158.json_4,PMUL0158.json,4,Then may I suggest the a and b guest house?,yes can you book it for 7 people and 3 nights starting from thursday ?,zajkeskn,initial,,CONFIRM_ACCEPT,,zajkeskn_annotation.xlsx
mw22_SSNG0192.json_4,SSNG0192.json,4,There are 6 Indian restaurants that fit this. Would you like me to book one for you?,"Yes, which of them have the best reviews?",zajkeskn,initial,,REQUEST,,zajkeskn_annotation.xlsx
mw22_MUL1696.json_10,MUL1696.json,10,I've got the TR8723 leaving Stevenage and arriving in Cambridge by 08:43. Would that work?,yes that sounds great. Can I get a reference number for that please,zajkeskn,initial,,REQUEST,,zajkeskn_annotation.xlsx
mw22_MUL2560.json_20,MUL2560.json,20,There's Christ's College on Saint Andrew's Street. It's in the centre and free. Are you interested?,Yes. Can I get the postcode?,zajkeskn,initial,,REQUEST,,zajkeskn_annotation.xlsx
mw22_PMUL4853.json_12,PMUL4853.json,12,saint catharine's college is a nice college in the centre of town with free admission.,That sounds great. Is there an entrance fee?,zajkeskn,initial,,REQUEST,,zajkeskn_annotation.xlsx
mw22_PMUL2944.json_6,PMUL2944.json,6,Booking was successful! Your reference number is 8GLX5O9J . Is there anything else I can do for you?,Can you help me find an attraction to visit that is in the same area as my hotel?,zajkeskn,initial,,REQUEST,,zajkeskn_annotation.xlsx
mw22_PMUL1950.json_18,PMUL1950.json,18,I have train TR2643 leaving at 15:00 arriving at 15:51 travel time 51 minutes with a price of 23.60 pounds.,"Thank you for everything, that is all I need.",zajkeskn,initial,,SOCIAL,,zajkeskn_annotation.xlsx
mw22_PMUL2792.json_18,PMUL2792.json,18,When do you need to leave?,"I need to leave Old Schools by 15:30, please.",zajkeskn,initial,,INFORM_CONSTRAINT,,zajkeskn_annotation.xlsx
mw22_PMUL0619.json_8,PMUL0619.json,8,"How many people would you like to reserve a table for? And, what time and day would you like to make the reservation?",for seven people on wednesday.,zajkeskn,initial,,INFORM_CONSTRAINT,,zajkeskn_annotation.xlsx
mw22_SNG1387.json_2,SNG1387.json,2,What is the destination?,I'm sorry. I gave you the wrong information. I need to leave from the Fitzwilliam Museum and arrive at Royal Standard by 07:45.,zajkeskn,initial,,CORRECT_CLARIFY,,zajkeskn_annotation.xlsx
mw22_MUL0120.json_16,MUL0120.json,16,Certainly. I have booked your taxi. Anything else I can help with today?,Please provide me the contact number and car type for the taxi. It will be at the restaurant by 14:00?,zajkeskn,initial,,REQUEST,,zajkeskn_annotation.xlsx
mw22_PMUL0216.json_6,PMUL0216.json,6,Yes certainly. For how many nights will you be staying and how many people will be staying and when do you wish to arrive?,I need it for 3 people and 3 nights starting Sunday.,zajkeskn,initial,,INFORM_CONSTRAINT,,zajkeskn_annotation.xlsx
mw22_SSNG0032.json_2,SSNG0032.json,2,Sure. There is a Chinese Restaurant and a Portuguese Restaurant. Would you like me to book one for you?,Does this restaurant serve fusion food?,zajkeskn,initial,,REQUEST,,zajkeskn_annotation.xlsx
mw22_MUL1583.json_8,MUL1583.json,8,I can help you with that. What is your destination?,It is stansted airport.,zajkeskn,initial,,INFORM_CONSTRAINT,,zajkeskn_annotation.xlsx
mw22_PMUL4233.json_14,PMUL4233.json,14,It would leave at 15:36 and arrive by 16:55.,That will be fine. Can you help me book this?,zajkeskn,initial,,REQUEST,,zajkeskn_annotation.xlsx
mw22_PMUL3173.json_16,PMUL3173.json,16,"The address for The Cambridge Belfry is Back Lane, Cambourne. Can I help with anything else today?","That's it for today, thank you",zajkeskn,initial,,SOCIAL,,zajkeskn_annotation.xlsx
mw22_SNG0038.json_2,SNG0038.json,2,What time would you like to depart?,I would like the taxi to be here by 02:00.,zajkeskn,initial,,INFORM_CONSTRAINT,,zajkeskn_annotation.xlsx
mw22_PMUL2736.json_10,PMUL2736.json,10,We have 14 places matching your criteria. Lets narrow this down. Is there an area you prefer?,"No, I'm really not picky. j",zajkeskn,initial,,CORRECT_CLARIFY,,zajkeskn_annotation.xlsx
mw22_PMUL4330.json_4,PMUL4330.json,4,"Okay, the TR7420 leaves at 18:01 and arrives by 20:44. Would you like me to book tickets?","Yes, please. I need 3 tickets.",zajkeskn,initial,,CONFIRM_ACCEPT,,zajkeskn_annotation.xlsx
mw22_MUL1936.json_10,MUL1936.json,10,"There are several beautiful churches near the centre, all well known and valued for their beautiful architectural styles. Is that something you might be interested in?","What's your favorite one? I trust your judgment - let me know the best one's address, postcode, and attraction type, please.",zajkeskn,initial,,REQUEST,,zajkeskn_annotation.xlsx
mw22_PMUL1155.json_6,PMUL1155.json,6,Where will you be departing from?,I will be departing from ely.,zajkeskn,initial,,INFORM_CONSTRAINT,,zajkeskn_annotation.xlsx
mw22_PMUL2086.json_16,PMUL2086.json,16,Could you tell me where you would like to go after the ugly duckling?,I'm going to riverboat georgina.,zajkeskn,initial,,INFORM_CONSTRAINT,,zajkeskn_annotation.xlsx
mw22_PMUL0443.json_2,PMUL0443.json,2,Was there a particular area of town you wanted to dine in? Or a particular style of cuisine?,"I would really like some Malaysian food tonight, moderate in price please.",zajkeskn,initial,,REQUEST,,zajkeskn_annotation.xlsx
mw22_SSNG0317.json_2,SSNG0317.json,2,I have found the Warkworth House located in the East. It is 4 stars and is in the moderate price range. May I book it for you?,"Yes, please. I need a reservation for 5 nights starting Wednesday. There will be 4 people.",zajkeskn,initial,,CONFIRM_ACCEPT,,zajkeskn_annotation.xlsx
mw22_PMUL2319.json_16,PMUL2319.json,16,"Ok, and for how many people?",I'd like it for 7 people please. And could you also get me a taxi to go between the two?,zajkeskn,initial,,REQUEST,,zajkeskn_annotation.xlsx
mw22_PMUL3566.json_20,PMUL3566.json,20,Booking completed! Booked car type : white honda Contact number : 07125482836,"Great, thanks so much, that's all I need! Have a great day!",zajkeskn,initial,,SOCIAL,,zajkeskn_annotation.xlsx
mw22_PMUL3812.json_18,PMUL3812.json,18,Those days are booked would you like to try a different hotel?,Can you check one more time?,zajkeskn,initial,,REQUEST,,zajkeskn_annotation.xlsx
mw22_MUL0609.json_10,MUL0609.json,10,"They do indeed have parking and their location is 4 mowbray road. I can book this for you if you'd like, I just need to know details about your stay.","That's all the info I need about the guesthouse, but I also need to book a train leaving on Friday.",zajkeskn,initial,,REQUEST,,zajkeskn_annotation.xlsx
mw22_PMUL2950.json_2,PMUL2950.json,2,What price range and in what area?,"I don't care about price, but I'd like to stay in the south. I do like guesthouses better than hotels.",zajkeskn,initial,,INFORM_CONSTRAINT,,zajkeskn_annotation.xlsx
mw22_PMUL0017.json_4,PMUL0017.json,4,"Okay, and what star should the hotel have?",I do not care about the star. I do need it to be open for 5 nights from Saturday. Eight people.,zajkeskn,initial,,INFORM_CONSTRAINT,,zajkeskn_annotation.xlsx
mw22_MUL0166.json_6,MUL0166.json,6,"Okay, how about Caffe Uno. It's located at 32 Bridge Street City Centre.",Great I also am looking for a hotel called Cityroomz,zajkeskn,initial,,REQUEST,,zajkeskn_annotation.xlsx
mw22_PMUL4862.json_6,PMUL4862.json,6,"Yes, there are two: Sheep's Green and Lammas Land Park Fen Causeway, and Wandlebury County Park. Entrance is free to both of them. Would you like to try one of those?","Sure, give me the info for the Wandlebury.",zajkeskn,initial,,CONFIRM_ACCEPT,,zajkeskn_annotation.xlsx
mw22_MUL1520.json_8,MUL1520.json,8,From where will you be departing that day?,From Leicester please. I need to arrive in Cambridge by 10:30.,zajkeskn,initial,,INFORM_CONSTRAINT,,zajkeskn_annotation.xlsx
mw22_MUL0455.json_8,MUL0455.json,8,"Sure, there is cambridge arts theatre, it is located at 6 saint edward's passage. There are 3 others if you would like information on them as well.",Sure. Can you give me the names and addresses of the other 3 as well?,zajkeskn,initial,,CONFIRM_ACCEPT,,zajkeskn_annotation.xlsx
mw22_MUL2607.json_8,MUL2607.json,8,Alexander B & B has both free wifi and parking. It also has 4 stars! Would you like to make a booking there?,"Yes, please. For 6 people for 3 nights starting on tuesday",zajkeskn,initial,,CONFIRM_ACCEPT,,zajkeskn_annotation.xlsx
mw22_PMUL2047.json_12,PMUL2047.json,12,My favorite is the Cafe Jello Gallery at 13 Magdalene Street. Would you like their phone number?,"Actually, I just need to know what the entrance fee is.",zajkeskn,initial,,CORRECT_CLARIFY,,zajkeskn_annotation.xlsx
mw22_PMUL3820.json_4,PMUL3820.json,4,"If you can't tell me what type of attractions you're looking for, I will pick the first option on the list: All Saint's Church in the centre, admission is free.","That's some recommendation. Can you at least tell me the phone number too, like I asked?",zajkeskn,initial,,CORRECT_CLARIFY,,zajkeskn_annotation.xlsx
mw22_PMUL1610.json_16,PMUL1610.json,16,Booking was successful.Reference number is : 1HLAC0TN .,"Thanks, that is all I need.",zajkeskn,initial,,SOCIAL,,zajkeskn_annotation.xlsx
mw22_PMUL1314.json_6,PMUL1314.json,6,I can go ahead and book that for you.,"Yes, please book it.",zajkeskn,initial,,CONFIRM_ACCEPT,,zajkeskn_annotation.xlsx
mw22_MUL1112.json_6,MUL1112.json,6,"I can provide that for you. The Camboats postcode is cb58sx. To reach them, their phone number is 01223902112. Did you need any other information?",Can you look up information for a hotel called Acorn Guest House?,zajkeskn,initial,,REQUEST,,zajkeskn_annotation.xlsx
mw22_PMUL4859.json_16,PMUL4859.json,16,"I am sorry, I am unable to book that right now. Is there anything else I can help you with?",How about a table at 19:30? Can you reserve that please?,zajkeskn,initial,,REQUEST,,zajkeskn_annotation.xlsx
mw22_MUL0300.json_4,MUL0300.json,4,Unfortunately there are no tables available at that time. Are you interested in a different day or time slot?,how about 16:30 then?,zajkeskn,initial,,INFORM_CONSTRAINT,,zajkeskn_annotation.xlsx
mw22_MUL2283.json_8,MUL2283.json,8,The ID is TR6688.,Can you tell me the departure and arrival time for that train?,zajkeskn,initial,,REQUEST,,zajkeskn_annotation.xlsx
mw22_MUL1352.json_18,MUL1352.json,18,Your taxi will be a yellow toyota. The contact number is 07923389673. .,thank you that will be all all,zajkeskn,initial,,SOCIAL,,zajkeskn_annotation.xlsx
mw22_MUL2569.json_16,MUL2569.json,16,I booked a blue ford to come pick you up from the hotel. The contact number is 07895414336,Great! That should be all I need. Thank you for your help.,zajkeskn,initial,,SOCIAL,,zajkeskn_annotation.xlsx
mw22_PMUL4656.json_8,PMUL4656.json,8,"okay, would you like me to book that for you","no, just their phone number and address please",zajkeskn,initial,,CORRECT_CLARIFY,,zajkeskn_annotation.xlsx
mw22_PMUL2622.json_2,PMUL2622.json,2,"Sure, the address is 710 newmarket road.",Please check to see if there any rooms available on Sunday for 5 nights. I will need 7 rooms.,zajkeskn,initial,,REQUEST,,zajkeskn_annotation.xlsx
mw22_WOZ20522.json_2,WOZ20522.json,2,There are no Irish restaurants in the cheap price range. Would you like something else?,How about Vietnamese food?,zajkeskn,initial,,INFORM_CONSTRAINT,,zajkeskn_annotation.xlsx
mw22_PMUL4115.json_2,PMUL4115.json,2,"Alright, how can I help you today?",I'd like a train from London Liverpool Street on Sunday,zajkeskn,initial,,REQUEST,,zajkeskn_annotation.xlsx
mw22_MUL0822.json_10,MUL0822.json,10,When would you like to arrive by?,I would like for the taxi arrive by 19:00 please. Can you give me a contact number and the car type for the taxi as well?,zajkeskn,initial,,REQUEST,,zajkeskn_annotation.xlsx
mw22_PMUL1378.json_12,PMUL1378.json,12,"Yeah, I would suggest the old schools.",Which one would you suggest?,zajkeskn,initial,,REQUEST,,zajkeskn_annotation.xlsx
mw22_PMUL4003.json_6,PMUL4003.json,6,Okay. Your booking was successful. Your total fee is 241.92 GBP which can be paid at the station. The reference number is KZ0FFG5R .,"Thanks! i'm also looking for something to do in town, in the south.",zajkeskn,initial,,REQUEST,,zajkeskn_annotation.xlsx
mw22_PMUL1576.json_10,PMUL1576.json,10,arrival time is 11:06 and travel time is 105 minutes,I'm also looking for a particular hotel. Its name is called cityroomz.,zajkeskn,initial,,REQUEST,,zajkeskn_annotation.xlsx
mw22_PMUL1973.json_4,PMUL1973.json,4,On what day will you be travelling?,"Actually, I need to go Birmingham New Street and will be traveling on Friday.",zajkeskn,initial,,INFORM_CONSTRAINT,,zajkeskn_annotation.xlsx
mw22_SNG0642.json_2,SNG0642.json,2,There are several Indian restaurants to choose from. What area of town would you like?,"I would like it to be in the center. I will need a number, address and postcode.",zajkeskn,initial,,REQUEST,,zajkeskn_annotation.xlsx
mw22_SNG1245.json_6,SNG1245.json,6,"I have booked the table for Sunday, the reference number is 1XGV4VGP . Is there anything else I can help you with today?",That's all I needed help with. Thanks a lot!,zajkeskn,initial,,SOCIAL,,zajkeskn_annotation.xlsx
mw22_PMUL3139.json_20,PMUL3139.json,20,Your train is booked. Total fee is 76.8 GBP payable at the station. Reference number: L9XGQW87,"Great, thank you! I won't be needing anything else! Bye!",zajkeskn,initial,,SOCIAL,,zajkeskn_annotation.xlsx
mw22_PMUL3966.json_4,PMUL3966.json,4,Is there anything else I can help you with today?,"Yes, actually, can you book me a setting for 5 people at 18:00 on Thursday?",zajkeskn,initial,,REQUEST,,zajkeskn_annotation.xlsx
mw22_MUL1040.json_8,MUL1040.json,8,Your booking was a success! Your reference number is 49JMGAFP . Can I help you with anything else?,That's all I needed. Thank you!,zajkeskn,initial,,SOCIAL,,zajkeskn_annotation.xlsx
mw22_PMUL2762.json_6,PMUL2762.json,6,The address for Cambridge and County Folk museum is 2-3 Castle Street.,"Thank you, I also need a place to stay in the south with free wifi.",zajkeskn,initial,,REQUEST,,zajkeskn_annotation.xlsx
mw22_PMUL1763.json_8,PMUL1763.json,8,which day would you like to book and for how long?,I need to book it on friday for 2 nights for 8 people. Could i please have the reference number?,zajkeskn,initial,,REQUEST,,zajkeskn_annotation.xlsx
mw22_MUL1364.json_2,MUL1364.json,2,I have some moderately priced guesthouses and some expensive hotels that meet your needs. Do you have a preference?,"Actually, I don't have a lot to spend. Do you have anything in a cheap price range?",zajkeskn,initial,,INFORM_CONSTRAINT,,zajkeskn_annotation.xlsx
mw22_PMUL2134.json_10,PMUL2134.json,10,"Thank you for using our services, feel free to contact us any time for assistance.",thank you for helping,zajkeskn,initial,,SOCIAL,,zajkeskn_annotation.xlsx
mw22_PMUL0661.json_6,PMUL0661.json,6,"We can take care of that too, but let's get your restaurant squared away first - in order to provide an address I'll need to know what type of cuisine?",Whichever one you think is best please.,zajkeskn,initial,,INFORM_CONSTRAINT,,zajkeskn_annotation.xlsx
mw22_PMUL0585.json_10,PMUL0585.json,10,"Unfortunately, we no longer have any new zealand restaurants in the city. Can I search for something else for you?","I's sorry, but could you give me the actual train travel time between the two cities? I'm not good at math.",zajkeskn,initial,,CORRECT_CLARIFY,,zajkeskn_annotation.xlsx
mw22_SNG0337.json_8,SNG0337.json,8,Okay I have a 10:24 that arrives at 10:52.,Can you give me the train ID for the 10:24?,zajkeskn,initial,,REQUEST,,zajkeskn_annotation.xlsx
mw22_PMUL4212.json_4,PMUL4212.json,4,"There are 9 results that match your criteria, is there a particular area you'd like to stay in?",I would prefer to stay in the west.,zajkeskn,initial,,INFORM_CONSTRAINT,,zajkeskn_annotation.xlsx
mw22_PMUL1357.json_12,PMUL1357.json,12,"TR7024 is the first train after 10:30 it leaves after 11:21, would you like me to book you?",That's fine I need 4 tix and the ref #,zajkeskn,initial,,REQUEST,,zajkeskn_annotation.xlsx
mw22_MUL0932.json_14,MUL0932.json,14,At what time would you like the taxi to arrive?,Actually it's from Fitzwilliam Museum to The Varsity Restaurant I want to arrive by the 11:15 booking please.,zajkeskn,initial,,INFORM_CONSTRAINT,,zajkeskn_annotation.xlsx
mw22_SNG02087.json_4,SNG02087.json,4,Which department are you looking for so I can give you the correct phone number?,I need the paediatric clinic please.,zajkeskn,initial,,INFORM_CONSTRAINT,,zajkeskn_annotation.xlsx
mw22_MUL2310.json_6,MUL2310.json,6,I have three options. Two Indian places and one Italian. Curry or pasta?,I wanted traditional food. If that's not available I'll try Italian.,zajkeskn,initial,,CORRECT_CLARIFY,,zajkeskn_annotation.xlsx
mw22_PMUL3176.json_18,PMUL3176.json,18,Would you like me to reserve that for you?,"No thanks, I'm all set with everything. Thank you for your help.",zajkeskn,initial,,CORRECT_CLARIFY,,zajkeskn_annotation.xlsx
mw22_MUL1000.json_14,MUL1000.json,14,Of course. A yellow bmw will pick you up at the Jinling Noodle Bar at 10:45. The contact number is 07447453701. Do you need anything else?,"Great, that is everything I needed. Thanks!",zajkeskn,initial,,SOCIAL,,zajkeskn_annotation.xlsx
mw22_MUL0914.json_10,MUL0914.json,10,"Yes, loch fyne is in town centre and serves seafood. It is in the expensive price range. Would you like to reserve a table?","No thank you. Can I have the phone number, postcode and address though?",zajkeskn,initial,,REQUEST,,zajkeskn_annotation.xlsx
mw22_MUL2357.json_4,MUL2357.json,4,"I could recommend some church's and old schools to visit, would that be ok?",I would like to visit an old school. What is your recommendation?,zajkeskn,initial,,REQUEST,,zajkeskn_annotation.xlsx
mw22_WOZ20603.json_4,WOZ20603.json,4,"Golden Wok is in the north part of town, and is moderately priced. It serves Chinese food.",Is there any other restaurant?,zajkeskn,initial,,REQUEST,,zajkeskn_annotation.xlsx
mw22_PMUL0079.json_12,PMUL0079.json,12,There is saigon city that serves asian oriental food. Would you like to book a table there?,"Yes, book me a table for 2 people at 12:15 on monday.",zajkeskn,initial,,CONFIRM_ACCEPT,,zajkeskn_annotation.xlsx
mw22_MUL2208.json_12,MUL2208.json,12,"I have train TR7822 that leaves Cambridge at 21:21 and gets to stevenage at 22:10, resulting in a 49 minute train ride. It costs 12.80 pounds.",That sounds good. That was all I needed. Thank you.,zajkeskn,initial,,SOCIAL,,zajkeskn_annotation.xlsx
mw22_SSNG0092.json_8,SSNG0092.json,8,Is there anything else i can assist you with?,Nope that's it! Thanks so much!,zajkeskn,initial,,SOCIAL,,zajkeskn_annotation.xlsx
mw22_PMUL4564.json_4,PMUL4564.json,4,Whale of a Time is a great place! It is in the West and the post code is cb238el. Do you need more information?,"Yes, I also need a restaurant ina mdoerate range that serve modern european food.",zajkeskn,initial,,REQUEST,,zajkeskn_annotation.xlsx
mw22_MUL1168.json_10,MUL1168.json,10,What day would you like to start your stay?,I would like to start my stay on Friday.,zajkeskn,initial,,INFORM_CONSTRAINT,,zajkeskn_annotation.xlsx
mw22_MUL1996.json_10,MUL1996.json,10,"Booking was successful, the total fee is 143.19 GBP payable at the station. Reference number is : W8FEGXWO . Is there anything else I can help with?","Yes, I'm also looking for entertainment places to go in town in the south area. Can you help me with that?",zajkeskn,initial,,REQUEST,,zajkeskn_annotation.xlsx
mw22_PMUL0023.json_6,PMUL0023.json,6,"Sure, your booking was completed. The total fee is 75.09 GBP payable at the station and your confirmation number is Q5H6ZU73 . Can I help with anything else?","Yes, I'm also interested in going to the theatre. Can you help me find one?",zajkeskn,initial,,REQUEST,,zajkeskn_annotation.xlsx
mw22_MUL2098.json_4,MUL2098.json,4,"The TR1502 puts you in London Kings Cross at 11:51, will that work for you?","Yes, please book that for 5 people.",zajkeskn,initial,,CONFIRM_ACCEPT,,zajkeskn_annotation.xlsx
mw22_MUL1027.json_22,MUL1027.json,22,The price there is moderate.,Thank you! I'd also like to find a swimming pool in the area.,zajkeskn,initial,,REQUEST,,zajkeskn_annotation.xlsx
mw22_PMUL1588.json_4,PMUL1588.json,4,Ok the worth house is located in the north and is in the cheap price range. Would you like to know anything else?,Thanks. I need to know about taking a Sunday train from Kings Cross.,zajkeskn,initial,,REQUEST,,zajkeskn_annotation.xlsx
mw22_PMUL4713.json_18,PMUL4713.json,18,Your booking was successful. The reference number is PX6XVGSJ . Can I help with anything else today?,"Thank you, I would like to reserve a taxi around 22:45, Who can I contact and what type of car can I expect?",zajkeskn,initial,,REQUEST,,zajkeskn_annotation.xlsx
mw22_PMUL4294.json_2,PMUL4294.json,2,Sure! You have a cuisine preference?,"Yes, I prefer British food.",zajkeskn,initial,,INFORM_CONSTRAINT,,zajkeskn_annotation.xlsx
mw22_SNG01393.json_2,SNG01393.json,2,"I have information for the Parkside Police Station, is this close to your location?","I don't know, could you just give me the postcode and phone?",zajkeskn,initial,,CORRECT_CLARIFY,,zajkeskn_annotation.xlsx
mw22_PMUL4604.json_14,PMUL4604.json,14,Booking completed! Booked car type :blue BMW Contact number :07261500533 What else can I do for you today?,"Thank you, That will be all.",zajkeskn,initial,,SOCIAL,,zajkeskn_annotation.xlsx
mw22_MUL1935.json_8,MUL1935.json,8,TR4594 will arrive by 12:07 if that works for you?,I can make that work.,zajkeskn,initial,,CONFIRM_ACCEPT,,zajkeskn_annotation.xlsx
mw22_PMUL1302.json_2,PMUL1302.json,2,Okay we have a lot of trains departing on Saturday. Where are you headed and where are you departing from?,I am going to Cambridge and leaving from Stevenage.,zajkeskn,initial,,INFORM_CONSTRAINT,,zajkeskn_annotation.xlsx
mw22_PMUL0799.json_12,PMUL0799.json,12,The address is 14-16 Bridge Street.,"Thanks, I don't need any more help. Have a good day!",zajkeskn,initial,,SOCIAL,,zajkeskn_annotation.xlsx
mw22_MUL1076.json_22,MUL1076.json,22,Great! I will give you some brochures for you.,Thank You. I think that's all I need today.,zajkeskn,initial,,SOCIAL,,zajkeskn_annotation.xlsx
mw22_MUL0161.json_8,MUL0161.json,8,Booking was successful. The table will be reserved for 15 minutes. Reference number is : 10P0LEVH .. Anything else today?,I'm also looking for a place to stay. Ideally a hotel with free wifi and parking that is also expensive.,zajkeskn,initial,,REQUEST,,zajkeskn_annotation.xlsx
mw22_PMUL2685.json_4,PMUL2685.json,4,"Ok, I have your guest house booked for 8 people, for 2 days, starting on Thursday.You reference number is JZ3CHA4K . Is there anything else you need?","Yes, I am also looking for a good cinema to visit in the centre of town.",zajkeskn,initial,,REQUEST,,zajkeskn_annotation.xlsx
mw22_PMUL1557.json_4,PMUL1557.json,4,Do you have a specific time frame in mind?,The train should leave after 18:45 and should leave on thursday.,zajkeskn,initial,,INFORM_CONSTRAINT,,zajkeskn_annotation.xlsx
mw22_MUL1231.json_10,MUL1231.json,10,You're booked and the reference number is BQT142V9 . The table will be reserved for 15 minutes. Is there anything else you need?,Thank you and Goodbye,zajkeskn,initial,,SOCIAL,,zajkeskn_annotation.xlsx
mw22_MUL0752.json_16,MUL0752.json,16,It is 37.80 pounds.,Wonderful. That's all I needed. Thank you!,zajkeskn,initial,,SOCIAL,,zajkeskn_annotation.xlsx
mw22_WOZ20180.json_6,WOZ20180.json,6,Their address is Finders Corner Newmarket Road.,May I have the street address of the establishment.,zajkeskn,initial,,REQUEST,,zajkeskn_annotation.xlsx
mw22_MUL0946.json_6,MUL0946.json,6,Restaurant Alimentum in modern European moderately priced in the south. Would you like for me to book it?,"No but I would like their phone number, address and postcode.",zajkeskn,initial,,CORRECT_CLARIFY,,zajkeskn_annotation.xlsx
mw22_MUL2135.json_4,MUL2135.json,4,How about a train that leaves at 17:21?,"Thast will work,I need you to book it for 2 people and a reference number please",zajkeskn,initial,,REQUEST,,zajkeskn_annotation.xlsx
mw22_MUL0431.json_6,MUL0431.json,6,"The price of the ticket is 17.90 pounds, shall I book it for you now?","Yes, please. I'm also looking a ticket to the Scott Polar Museum",zajkeskn,initial,,CONFIRM_ACCEPT,,zajkeskn_annotation.xlsx
mw22_SSNG0233.json_6,SSNG0233.json,6,What day will you be checking in?,We will be checking in on Tuesday.,zajkeskn,initial,,INFORM_CONSTRAINT,,zajkeskn_annotation.xlsx
mw22_SNG0636.json_8,SNG0636.json,8,Yes I can. I have booked you a table for 12 noon on Tuesday for 6 people. Your reference number is WC1ZY82V . Anything else I can help you with?,"No, that is all. Thank you.",zajkeskn,initial,,SOCIAL,,zajkeskn_annotation.xlsx
mw22_PMUL4519.json_4,PMUL4519.json,4,christ's college is in the centre on saint andrew's street and its free,"Thanks! If it isn't too much trouble, could you also find me information on a restaurant called da vinci pizzeria?",zajkeskn,initial,,REQUEST,,zajkeskn_annotation.xlsx
mw22_MUL1987.json_10,MUL1987.json,10,I got you booked for 5 people then on TR5725. Is there anything else I can help you with?,No. thank you for making the train reservations,zajkeskn,initial,,SOCIAL,,zajkeskn_annotation.xlsx
mw22_MUL0283.json_14,MUL0283.json,14,"I'd be happy to make a reservation for you at saigon city, how many people will be in your party and for what day and time?","You know what, I'm not sure, that you for your information. I'll get back to you to make a reservation.",zajkeskn,initial,,CORRECT_CLARIFY,,zajkeskn_annotation.xlsx
mw22_PMUL2175.json_26,PMUL2175.json,26,There is one concert hall in centre. It is called the man on the moon.,Great. Can you please give me the address?,zajkeskn,initial,,REQUEST,,zajkeskn_annotation.xlsx
mw22_SSNG0183.json_8,SSNG0183.json,8,Yes it most certainly does.,Can you book that for me then?,zajkeskn,initial,,REQUEST,,zajkeskn_annotation.xlsx
mw22_WOZ20570.json_2,WOZ20570.json,2,I'm showing three restaurants that fit that description. Are you interested in a particular area or price range?,"No, any price range is fine. Can you recommend one of the restaurants?",zajkeskn,initial,,REQUEST,,zajkeskn_annotation.xlsx
mw22_PMUL0406.json_10,PMUL0406.json,10,"Your table at Ali Baba is booked, reference #NYH3ZPQN . Is there anything else I can help you with today?","I 'd like to find a hotel in the same area, one with three stars.",zajkeskn,initial,,REQUEST,,zajkeskn_annotation.xlsx
mw22_PMUL0628.json_8,PMUL0628.json,8,Booking was successful. The table will be reserved for 15 minutes. Reference number is : 5NITO74A .,Thanks. I also need train tickets from leicester to cambridge please,zajkeskn,initial,,REQUEST,,zajkeskn_annotation.xlsx
mw22_MUL0971.json_6,MUL0971.json,6,"I've found one location that matches those criteria, the Royal Standard. Would you like me to book you a table?","No thank you, I'd just like the postcode for it please.",zajkeskn,initial,,CORRECT_CLARIFY,,zajkeskn_annotation.xlsx
mw22_MUL1167.json_14,MUL1167.json,14,Perfect! I have you booked in a grey skoda. The contact number is 07370293766. Is there anything else I can do for you?,I need a taxi as well.,zajkeskn,initial,,REQUEST,,zajkeskn_annotation.xlsx
mw22_SNG0761.json_6,SNG0761.json,6,How about the Archway House? it is moderately priced in the north.,That sounds nice. Can you get it for four nights starting Thursday?,zajkeskn,initial,,CORRECT_CLARIFY,,zajkeskn_annotation.xlsx
mw22_PMUL1483.json_12,PMUL1483.json,12,What is your destination?,I've like to go to birmingham new street.,zajkeskn,initial,,INFORM_CONSTRAINT,,zajkeskn_annotation.xlsx
mw22_MUL1307.json_14,MUL1307.json,14,I'm sorry there are no matches for what you are looking for. Would you like something else?,"Yes, how about a restaurant that serves Indian food?",zajkeskn,initial,,CORRECT_CLARIFY,,zajkeskn_annotation.xlsx
mw22_SNG0817.json_8,SNG0817.json,8,What dates would you like to book the room for?,I need it for two nights starting on Saturday.,zajkeskn,initial,,INFORM_CONSTRAINT,,zajkeskn_annotation.xlsx
mw22_PMUL1393.json_8,PMUL1393.json,8,"there's nothing in that area, do you want me to check other areas?",How about a college in the centre of town?,zajkeskn,initial,,REQUEST,,zajkeskn_annotation.xlsx
mw22_PMUL0461.json_10,PMUL0461.json,10,The only North American place in town is the Gourmet Burger Kitchen. Their food is wonderful. Would you like to book a table?,What part of town is it in?,zajkeskn,initial,,REQUEST,,zajkeskn_annotation.xlsx
mw22_PMUL2299.json_2,PMUL2299.json,2,There are 79 museums in the western part of town. Do you prefer a pay museum or one without an entrance fee?,"Free is always good. Can you give me the postcode, address, and phone number for one that is historical?",zajkeskn,initial,,REQUEST,,zajkeskn_annotation.xlsx
mw22_PMUL3103.json_28,PMUL3103.json,28,"Yes, their address is cambridge leisure park, clifton way and their phone number is 00872208000.",I also need a taxi to leave the hotel by 22:45. Please provide the contact number and car type.,zajkeskn,initial,,REQUEST,,zajkeskn_annotation.xlsx
mw22_MUL0942.json_2,MUL0942.json,2,Of course! It's an expensive Thai restaurant in the centre at 24 Green Street City Centre cb23jx. Their phone is 01223354382. May I help with anything else?,No that was all. Thank you very much.,zajkeskn,initial,,SOCIAL,,zajkeskn_annotation.xlsx
mw22_PMUL0003.json_2,PMUL0003.json,2,Do you know the name of it? I can try and find it for you.,The good luck Chinese takeaway.,zajkeskn,initial,,INFORM_CONSTRAINT,,zajkeskn_annotation.xlsx
mw22_MUL0194.json_2,MUL0194.json,2,"Alright, there about 30 or so hotels that would work. Did you prefer a certain area or price range?","I don't really have an area or price range in mind at the moment, but I am looking for a place that's a guesthouse.",zajkeskn,initial,,INFORM_CONSTRAINT,,zajkeskn_annotation.xlsx
mw22_MUL1559.json_10,MUL1559.json,10,I have a train for you that leaves at 17:09. Would you like me to book it?,What time does it arrive and the price?,zajkeskn,initial,,REQUEST,,zajkeskn_annotation.xlsx
mw22_SSNG0184.json_2,SSNG0184.json,2,"The Missing Sock serves international food and is located in the east side of town, at Finders Corner Newmarket Road. Would you like more information or a reservation?","I need the restaurant to be cheap, does this restaurant fir that criteria?",zajkeskn,initial,,REQUEST,,zajkeskn_annotation.xlsx
mw22_PMUL2148.json_14,PMUL2148.json,14,"Ok! Their address is 191 Histon Road, Chesterton and the phone number is 01223350688.",Can you book me a table for 6 people at 18:45 on Saturday?,zajkeskn,initial,,REQUEST,,zajkeskn_annotation.xlsx
mw22_PMUL4217.json_12,PMUL4217.json,12,Ok. There are 14 in cambridge. Let's narrow that down a bit. Would you prefer a hotel or guesthouse?,Definitely a hotel.,zajkeskn,initial,,INFORM_CONSTRAINT,,zajkeskn_annotation.xlsx
mw22_PMUL4111.json_10,PMUL4111.json,10,There are five options to choose from. I can recommend the restaurant cocum to you if you'd like,That sounds good. Can you reserve a table for 3 people at 16:45 on friday? And tell me my reference number,zajkeskn,initial,,CONFIRM_ACCEPT,,zajkeskn_annotation.xlsx
mw22_PMUL4446.json_2,PMUL4446.json,2,Why yes. Two in the centre of town and three in the west.,Could you recommend one for me?,zajkeskn,initial,,REQUEST,,zajkeskn_annotation.xlsx
mw22_MUL2615.json_18,MUL2615.json,18,I can book one way only. When would you like to leave Cityroomz?,I will be ready to depart at... oh... 14:15.,zajkeskn,initial,,INFORM_CONSTRAINT,,zajkeskn_annotation.xlsx
mw22_PMUL1136.json_4,PMUL1136.json,4,i suggest TR3947. can we book?,"Can you give me the price, travel time and departure time first?",zajkeskn,initial,,REQUEST,,zajkeskn_annotation.xlsx
mw22_MUL1156.json_14,MUL1156.json,14,I'm unable to book two nights for six people. Would you like to try for one day?,Yes please. One day is fine.,zajkeskn,initial,,CONFIRM_ACCEPT,,zajkeskn_annotation.xlsx
mw22_PMUL1651.json_6,PMUL1651.json,6,"great, how many nights are you staying?",I will be staying 2 nights.,zajkeskn,initial,,INFORM_CONSTRAINT,,zajkeskn_annotation.xlsx
mw22_PMUL3089.json_4,PMUL3089.json,4,"There are 38 trains that can get you there, what time would you like to leave or arrive by?",i want to leave after 13:00,zajkeskn,initial,,INFORM_CONSTRAINT,,zajkeskn_annotation.xlsx
mw22_MUL0514.json_12,MUL0514.json,12,"Sure, Vue Cinema the phone number is 08712240240. I don't have the entrance fee information. And I do confirm that it is a Cinema type attraction.",Thank you for all your help today.,zajkeskn,initial,,SOCIAL,,zajkeskn_annotation.xlsx
mw22_PMUL3070.json_2,PMUL3070.json,2,"I am happy to help, what was the name of the place?","Its the huntingdon marriot. I'd like to book it for 8 people on 2 nights starting on wednesday, and I'll need a reference number.",zajkeskn,initial,,REQUEST,,zajkeskn_annotation.xlsx
mw22_SNG0925.json_8,SNG0925.json,8,Okay. You're booked. Your reference number is 3A23GV4H . Anything else?,That's all I needed. Thanks!,zajkeskn,initial,,SOCIAL,,zajkeskn_annotation.xlsx
mw22_MUL0152.json_14,MUL0152.json,14,Booking was successful for the royal standard. The table will be reserved for 15 minutes. Your reference number is : 4W94X4GE . Is there anything else I can help with?,Thank you I also need a taxi between the two places please to get to the restaurant by 11:45,zajkeskn,initial,,REQUEST,,zajkeskn_annotation.xlsx
mw22_PMUL2631.json_2,PMUL2631.json,2,"It is in the north, in the modrate price range, has a 4 star rating, internet, and free parking.",i want to book it for 8 people and 2 nights starting tuesday,zajkeskn,initial,,INFORM_CONSTRAINT,,zajkeskn_annotation.xlsx
mw22_PMUL4502.json_6,PMUL4502.json,6,The phone number is 01223366611. It is expensive.,"Thanks! I also want to ride on a boat, is that something you can help with? I would like to do this in the south area of town.",zajkeskn,initial,,REQUEST,,zajkeskn_annotation.xlsx
mw22_MUL1102.json_8,MUL1102.json,8,"There are no four star hotels in the area, could I look somewhere else or another star rating?",Are there any four star guesthouses in the South?,zajkeskn,initial,,REQUEST,,zajkeskn_annotation.xlsx
mw22_MUL2012.json_16,MUL2012.json,16,The Gonville Hotel is on Gonville Place and is rated 3 stars. The University Arms Hotel is 4 stars and it's on Regent Street. Would you like to book a room?,"Yes, this seems alright. Go ahead and book it.",zajkeskn,initial,,CONFIRM_ACCEPT,,zajkeskn_annotation.xlsx
mw22_MUL0007.json_2,MUL0007.json,2,What specific time do you want to leave?,Never mind. I'm looking for a guesthouse to stay at. It must be in the north and 4 stars.,zajkeskn,initial,,CORRECT_CLARIFY,,zajkeskn_annotation.xlsx
mw22_PMUL1112.json_2,PMUL1112.json,2,"Christ's College is located on Saint Andrew's Street. For additional information, the phone number is 01223334900. It has free admission.",What area is that in?,zajkeskn,initial,,REQUEST,,zajkeskn_annotation.xlsx
mw22_MUL1216.json_4,MUL1216.json,4,Chiquito Restaurant Bar fits that criteria. Would you like to make a reservation?,"Yes, please. 7 people at 18:30 on tuesday.",zajkeskn,reannotation,adesanym,CONFIRM_ACCEPT,,zajkeskn_annotation.xlsx
mw22_SNG0013.json_6,SNG0013.json,6,Is there anything else I can do for you?,"No, thank you, I am all set.",zajkeskn,reannotation,adesanym,SOCIAL,,zajkeskn_annotation.xlsx
mw22_PMUL0721.json_6,PMUL0721.json,6,I have 5 would you like m to recommend one?,"Yes, that would be great!",zajkeskn,reannotation,adesanym,CONFIRM_ACCEPT,,zajkeskn_annotation.xlsx
mw22_PMUL0048.json_6,PMUL0048.json,6,I found three Chinese restaurants that meet your requests. Would you like for me to book a table at one of them?,"Yes, what are my three choices before we make a reservation?",zajkeskn,reannotation,adesanym,CORRECT_CLARIFY,,zajkeskn_annotation.xlsx
mw22_WOZ20548.json_6,WOZ20548.json,6,Their phone number is 01223 355166.,ok thank you good bye,zajkeskn,reannotation,adesanym,SOCIAL,,zajkeskn_annotation.xlsx
mw22_PMUL2579.json_2,PMUL2579.json,2,"There are a number of attractions on the west side. Are you interested in colleges, entertainment or museums?","I don't really have a preference, so which one do you think is best?",zajkeskn,reannotation,adesanym,REQUEST,,zajkeskn_annotation.xlsx
mw22_MUL1728.json_12,MUL1728.json,12,Travel time is approximately 105 minutes.,That's all that I need.,zajkeskn,reannotation,adesanym,CONFIRM_ACCEPT,,zajkeskn_annotation.xlsx
mw22_MUL0702.json_8,MUL0702.json,8,Your travel time is 60 minutes. Is there anything else that I can do for you?,I'm also looking for a particular hotel - hobsons house. Can you help me with this?,zajkeskn,reannotation,adesanym,REQUEST,,zajkeskn_annotation.xlsx
mw22_MUL0188.json_18,MUL0188.json,18,"Great! I have a table for 6 people at 11:30 onSundar at Tandoori Palace, Reference Number 3BMGPAN3 . Is there anything else I can do for you?","No thank you, that is all I needed!",zajkeskn,reannotation,adesanym,SOCIAL,,zajkeskn_annotation.xlsx
mw22_SNG1069.json_4,SNG1069.json,4,"I definitely recommend the Williams Art and Antiques. It's free to get in. They are located on Gwydir Street, No. 5 Dale's Brewery. The postcode is cb12lj.","Thanks so much, that sounds perfect.",zajkeskn,reannotation,adesanym,SOCIAL,,zajkeskn_annotation.xlsx
mw22_MUL0125.json_16,MUL0125.json,16,"I'd be happy to help you book a taxi, what hotel is your destination?",Whatever hotel you booked me at. The reference number is: GXQZCBL8,zajkeskn,reannotation,adesanym,INFORM_CONSTRAINT,,zajkeskn_annotation.xlsx
mw22_PMUL2855.json_14,PMUL2855.json,14,"I recommend, the gallery at twelve a high street, their postal is cb15dh, any further questions?",I need also a taxi to leave the hotel by 2:30,zajkeskn,reannotation,adesanym,INFORM_CONSTRAINT,,zajkeskn_annotation.xlsx
mw22_PMUL3163.json_8,PMUL3163.json,8,I've booked a table for seven at yu garden. Your reservation is at 15:00 on Wednesday. Your reference number is 799F0AEG . Can I help you with anything else?,"Yes, I'll also need a taxi that will take me between the two places. I'll need to arrive at the restaurant by 15:00.",zajkeskn,reannotation,adesanym,REQUEST,,zajkeskn_annotation.xlsx
mw22_MUL1044.json_14,MUL1044.json,14,Is there anything else I can help you with?,"No, that was everything I needed. Thank You!",zajkeskn,reannotation,adesanym,SOCIAL,,zajkeskn_annotation.xlsx
mw22_PMUL4574.json_14,PMUL4574.json,14,you are welcome all the time,okay goodbye,zajkeskn,reannotation,adesanym,SOCIAL,,zajkeskn_annotation.xlsx
mw22_MUL1571.json_6,MUL1571.json,6,"Sure thing - just let me know where you're going, what day you're going there, and at what time.",The train should go to peterborough and should leave on monday after 10:30.,zajkeskn,reannotation,adesanym,INFORM_CONSTRAINT,,zajkeskn_annotation.xlsx
mw22_SNG01480.json_4,SNG01480.json,4,"Ok, I have a white honda for you with the contact number 07758153394. Anything else?",That is all I needed thank you.,zajkeskn,reannotation,adesanym,SOCIAL,,zajkeskn_annotation.xlsx
mw22_WOZ20423.json_2,WOZ20423.json,2,I'm sorry but there are no swiss restaurants in town. Can i offer you something else?,How about vietnamese food?,zajkeskn,reannotation,adesanym,REQUEST,,zajkeskn_annotation.xlsx
mw22_PMUL0226.json_6,PMUL0226.json,6,I have made that reservation and your reference number is 0X0N3WV0 .,Thanks so much. Can you help me find a place to stay in that area as well?,zajkeskn,reannotation,adesanym,REQUEST,,zajkeskn_annotation.xlsx
mw22_MUL1284.json_4,MUL1284.json,4,"I found cheap guesthouses, is guesthouse what you are looking for?","I'd prefer a hotel, rather than a guesthouse.",zajkeskn,reannotation,adesanym,INFORM_CONSTRAINT,,zajkeskn_annotation.xlsx
mw22_PMUL3246.json_6,PMUL3246.json,6,Reference number is 29IN9CT3 for the acorn guesthouse.,I would also like to eat somewhere cheap in the middle of town.,zajkeskn,reannotation,adesanym,INFORM_CONSTRAINT,,zajkeskn_annotation.xlsx
mw22_MUL0041.json_6,MUL0041.json,6,"We have 3 that satisfy that criteria. A and B guest house, Carolina Bed and Breakfast, and Warkworth House all fit. Do you have a preference?",Carolina Bed and Breakfast sounds nice. Could I have it booked for 6 people for 4 nights starting on monday?,zajkeskn,reannotation,adesanym,REQUEST,,zajkeskn_annotation.xlsx
mw22_MUL0121.json_6,MUL0121.json,6,There are a few cheap restaurants in the center of the city. Would you like Asian Oriental or Chinese food?,I would like Chinese food.,zajkeskn,reannotation,adesanym,INFORM_CONSTRAINT,,zajkeskn_annotation.xlsx
mw22_PMUL4483.json_24,PMUL4483.json,24,"I was able to book your taxi. Be expecting a red Volkswagen. If you need to reach them, please call 07766667494.",thanks you very much,zajkeskn,reannotation,adesanym,SOCIAL,,zajkeskn_annotation.xlsx
mw22_MUL0044.json_10,MUL0044.json,10,"Before we make your restaurant reservation, let's take care of the hotel. What day are you arriving, how many nights are you staying, and how many people?",It's just me. I am arriving Sunday and staying one night. Can you provide the phone number for the restaurant?,zajkeskn,reannotation,adesanym,REQUEST,,zajkeskn_annotation.xlsx
mw22_MUL0870.json_2,MUL0870.json,2,There are several attractions in the town centre. Are you looking for a particular type?,"Yes, please find any museums in the town centre.",zajkeskn,reannotation,adesanym,CORRECT_CLARIFY,,zajkeskn_annotation.xlsx
mw22_MUL1298.json_4,MUL1298.json,4,Ok I have the Hobsons House on 96 barton road . Would you like me to book you a reservation ?,"Yes, that works. May i have the address?",zajkeskn,reannotation,adesanym,REQUEST,,zajkeskn_annotation.xlsx
mw22_PMUL4252.json_10,PMUL4252.json,10,I booked it for you. The reference number is TCBE0PUQ .,"Thank you, goodbye",zajkeskn,reannotation,adesanym,SOCIAL,,zajkeskn_annotation.xlsx
mw22_PMUL0719.json_12,PMUL0719.json,12,The Ugly Duckling is located at 12 St. Johns Street City Centre and their postcode is cb21tw. Can I assist you with anything further?,"Thank you. I also want a train for friday, from broxbourne to cambridge",zajkeskn,reannotation,adesanym,REQUEST,,zajkeskn_annotation.xlsx
mw22_WOZ20463.json_4,WOZ20463.json,4,"I am sorry, there is no such restaurant match your request. Would you prefer another area or another type of food?",How about Chinese food on the east part of town?,zajkeskn,reannotation,adesanym,REQUEST,,zajkeskn_annotation.xlsx
mw22_PMUL3862.json_20,PMUL3862.json,20,Thank you for using our service!,Thank you for the help!,zajkeskn,reannotation,adesanym,SOCIAL,,zajkeskn_annotation.xlsx
mw22_SSNG0074.json_4,SSNG0074.json,4,I have found a few British restaurants in your price range. Do you want a specific part of town?,"No, could you recommend me a place? I'm looking for to book a table for 2 on Thursday at 11:30.",zajkeskn,reannotation,adesanym,CORRECT_CLARIFY,,zajkeskn_annotation.xlsx
mw22_MUL1765.json_10,MUL1765.json,10,I have 11 different museums. Might I suggest the Primavera. It just began displaying a new set of exhibits. Would you like more info on it?,"I need the phone number, postcode, and address.",zajkeskn,reannotation,adesanym,REQUEST,,zajkeskn_annotation.xlsx
mw22_PMUL0270.json_4,PMUL0270.json,4,"Chiquito restaurant and bar is in the south area, what time would you like me to book your 4 people for?",yes four people for Friday at 17:30,zajkeskn,reannotation,adesanym,CONFIRM_ACCEPT,,zajkeskn_annotation.xlsx
mw22_PMUL3874.json_8,PMUL3874.json,8,the cambridge belfry is in the cheap prise range would you like a booking?,Yes please.,zajkeskn,reannotation,adesanym,CONFIRM_ACCEPT,,zajkeskn_annotation.xlsx
mw22_MUL1168.json_4,MUL1168.json,4,Absolutely. There is no entrance fee for the Broughton House Gallery and the postcode is cb11ln.,Thank you! Are there any guesthouses nearby?,zajkeskn,reannotation,adesanym,REQUEST,,zajkeskn_annotation.xlsx
mw22_MUL2418.json_2,MUL2418.json,2,I'd be happy to help you with all things Cambridge. What can I help you find today?,"I'd like to find a restaurant called Cotto, please.",zajkeskn,reannotation,adesanym,INFORM_CONSTRAINT,,zajkeskn_annotation.xlsx
mw22_MUL1252.json_8,MUL1252.json,8,I have 2 guesthouse and 2 hotels in the centre. Do you have a preference or a price range in mind today?,A 2 star would be good. I don't care about price range.,zajkeskn,reannotation,adesanym,INFORM_CONSTRAINT,,zajkeskn_annotation.xlsx
mw22_PMUL2750.json_14,PMUL2750.json,14,"OKay, we have the gonville hotel in the centre and the lensfield hotel in the south.","Thanks, I just searched online for it, looks great, please book me for 8 people, 3 nights starting Tuesday.",zajkeskn,reannotation,adesanym,REQUEST,,zajkeskn_annotation.xlsx
mw22_SNG02276.json_2,SNG02276.json,2,There are 21 guesthouses and hotels in the area that are 4 stars and have free wifi. Do you have a preference for price range or location?,I would like one located in the east with a moderate price range.,zajkeskn,reannotation,adesanym,INFORM_CONSTRAINT,,zajkeskn_annotation.xlsx
mw22_SNG01943.json_10,SNG01943.json,10,The Allenbell is in the cheap price range. Do you want me to book it?,"No, that's all I need for today. Good bye.",zajkeskn,reannotation,adesanym,SOCIAL,,zajkeskn_annotation.xlsx
mw22_SNG0602.json_6,SNG0602.json,6,"Yes, I would recommend the Peking Restaurant, located at 10 Homerton Street City Centre. Could I reserve a table for you?",Sounds great. Make a reservation for 4 on Friday at 11:00.,zajkeskn,reannotation,adesanym,CONFIRM_ACCEPT,,zajkeskn_annotation.xlsx
mw22_PMUL2253.json_8,PMUL2253.json,8,"I regret to inform you: there are sports attractions nearby of any kind, sorry.",Are there any museums nearby?,zajkeskn,reannotation,adesanym,REQUEST,,zajkeskn_annotation.xlsx
mw22_MUL1119.json_4,MUL1119.json,4,The Archway house matches all of your preferences. Would you like me to create a booking?,"Yes, that would be great. I would like my check-in to be on Saturday. I will be staying for 2 nights and there will be a total of 5 people.",zajkeskn,reannotation,adesanym,INFORM_CONSTRAINT,,zajkeskn_annotation.xlsx
mw22_MUL1400.json_18,MUL1400.json,18,Your welcome. Is there anything else I can do for you today?,"Thats all thank you for your help,goodbye",zajkeskn,reannotation,adesanym,SOCIAL,,zajkeskn_annotation.xlsx
